,predictions
0,544856.8986232281
1,545733.0236477852
2,487922.12532258034
3,447850.956274271
4,622277.623229742
5,656440.016092062
6,332835.2775499821
7,362153.1841261387
8,470470.391644001
9,342323.6067261696
10,714309.1699175835
11,432470.16654086113
12,435256.17866039276
13,243338.82339811325
14,410659.26962542534
15,745123.9158160686
16,762619.3290569782
17,608768.5276181698
18,652218.4798314571
19,191856.19128990173
20,650088.2015092373
21,489533.30206918716
22,1251456.0645327568
23,229234.69754505157
24,266165.23349165916
25,309747.7479350567
26,559078.6778626442
27,471304.25066280365
28,563532.0105614662
29,536326.2374889851
30,582196.335370779
31,455976.521007061
32,451739.39901304245
33,392542.2284069061
34,1299981.4572355747
35,918867.0356433392
36,169518.44509792328
37,575318.8621912003
38,1516122.342502594
39,209301.41015625
40,354429.9044947624
41,547379.564289093
42,334175.765789032
43,477029.55411076546
44,482877.6544055939
45,509769.88117551804
46,722334.449324131
47,639127.6380963326
48,818702.199631691
49,472480.3371396065
50,260950.52864527702
51,993083.6465148926
52,591676.5651550293
53,221850.91356229782
54,665394.8713476658
55,401259.28810477257
56,368085.6374423504
57,996940.2451605797
58,215832.69865846634
59,710180.9641258717
60,546748.0773477554
61,446996.6132595539
62,435968.7324171066
63,1136194.37237072
64,391479.6103749275
65,440363.89075374603
66,901121.2788887024
67,407358.81504034996
68,455437.72275853157
69,612468.6770310402
70,846786.2695920467
71,524831.393979311
72,777531.938616991
73,134268.52990150452
74,448181.578984499
75,876179.6216478348
76,836653.1476511955
77,334783.83794116974
78,282354.64186120033
79,418811.785810709
80,372708.89524531364
81,766521.8105807304
82,432745.8225619793
83,729797.8510258198
84,1253659.3596596718
85,383738.1135482788
86,607038.5500020981
87,399740.9801967144
88,170000.7348971367
89,506242.44756507874
90,296359.5508019924
91,404828.3588511944
92,405385.1905553341
93,552346.5722322464
94,345663.1564183235
95,776645.6594359875
96,526792.1646413803
97,386664.6560280323
98,448007.7130019665
99,541744.6616649628
100,340233.98595523834
101,799867.285210371
102,170261.32562613487
103,382589.686743021
104,142546.03585767746
105,290219.5653474331
106,803853.7576351166
107,519877.1499185562
108,321943.16935539246
109,200140.4731543064
110,734543.367464304
111,2193453.221040249
112,806076.8278694153
113,235362.298258543
114,355291.91537594795
115,407480.1365234852
116,518222.06744742393
117,1679811.1624109745
118,529784.1456515789
119,206969.50892424583
120,424507.84114432335
121,783292.5827496052
122,1586641.662087202
123,586341.6257719994
124,711974.9456896782
125,298376.73302936554
126,302865.1358244419
127,555000.6335160732
128,260917.96014666557
129,215455.70117235184
130,390515.7851135731
131,228639.44654750824
132,154892.7939338684
133,640158.6138117313
134,291123.8451001644
135,578707.6609284878
136,672804.5570454597
137,361715.8610172272
138,262304.5684695244
139,371236.2982609272
140,404709.45867466927
141,664569.1560797691
142,204465.09352445602
143,389467.01966261864
144,680866.5282149315
145,423285.42370152473
146,216742.92233657837
147,480240.3839697838
148,284899.2901647091
149,339234.1819181442
150,318698.19384384155
151,527098.7861664295
152,585590.1702148914
153,613363.4668135643
154,1310358.1183271408
155,597034.8629550934
156,510879.4566755295
157,503377.2663824558
158,248326.95206737518
159,528802.7231061459
160,651411.8891606331
161,349553.35668087006
162,255253.5650396347
163,528600.0540440083
164,417311.373439312
165,567267.1300563812
166,552707.1303286552
167,391168.59628629684
168,356139.07514190674
169,1820539.7966969013
170,127883.72316813469
171,400416.3422882557
172,366347.72516179085
173,414146.7333064079
174,528755.6696403027
175,645149.9500329494
176,401491.7850892544
177,365378.81622195244
178,314963.7319159508
179,282191.077021122
180,1803825.7788236141
181,1045485.2958273888
182,948333.7334222794
183,682653.2054867744
184,1131383.3170690536
185,523059.0023007393
186,457738.6800711155
187,313314.957613945
188,595367.3407797813
189,395936.6464500427
190,356559.0838112831
191,603954.305267334
192,306695.20463871956
193,306154.3214406967
194,340528.57766747475
195,339977.35787653923
196,438177.255204916
197,618332.0284948349
198,474067.5767941475
199,365795.38595604897
200,318157.25119304657
201,403514.8081405163
202,346091.9899625778
203,930172.4816813469
204,963688.8242940903
205,255488.1981906891
206,222912.49199795723
207,367089.79124403
208,1129095.4551196098
209,321900.7195198536
210,238080.56622838974
211,541219.9019470215
212,425317.38085889816
213,249639.24480175972
214,270293.123203516
215,747158.6760873795
216,278667.6875846386
217,661280.434284687
218,1479502.950573206
219,297823.51465702057
220,324325.19666075706
221,693423.0836048126
222,364539.12535333633
223,1337464.0753731728
224,593821.2152872086
225,350098.3624303341
226,741712.2661015987
227,304770.2794833183
228,302859.56968283653
229,613624.1203186512
230,511447.5200343132
231,967284.9855782986
232,676870.9339556694
233,176779.6745891571
234,325936.62256097794
235,465191.8200035095
236,596807.9476368427
237,595610.9441275597
238,202116.33660554886
239,388094.17743754387
240,678210.8776500225
241,261086.84853577614
242,592435.6523797512
243,182105.71344685555
244,318356.5843729973
245,385174.4893028736
246,200377.67504906654
247,552985.8586380482
248,637965.6170639992
249,494941.35759186745
250,447015.70394420624
251,601111.9416561127
252,346135.01891589165
253,381048.8538324833
254,424365.91337680817
255,473016.0048596859
256,418557.8751428127
257,419241.227026701
258,377517.04520344734
259,384233.11118364334
260,417819.5670659542
261,813541.5699355602
262,568503.3609509468
263,515128.9351489544
264,222116.906126976
265,490203.58465123177
266,337129.99368190765
267,279190.37481594086
268,2512985.301314831
269,336067.48581027985
270,1005857.0730593204
271,1094349.1300783157
272,231317.7603471279
273,690017.0083324909
274,521467.1162853241
275,485166.6638221741
276,1210093.1621456146
277,268545.1868674755
278,301052.6609470844
279,964404.0264909267
280,993378.2384181023
281,431612.6601805687
282,301177.0622663498
283,303178.38937592506
284,558931.5071322918
285,877128.7956149578
286,373209.48770070076
287,388899.63377308846
288,300531.20640563965
289,462689.9234178066
290,216515.39988923073
291,218731.52582907677
292,716614.7624063492
293,206208.4766921997
294,437454.46960902214
295,827644.9300863743
296,751210.1130068302
297,419181.58565187454
298,798650.4572873116
299,574738.1677560806
300,496112.6692864895
301,383637.983369112
302,343333.3901555538
303,846341.8990652561
304,918912.879332304
305,419951.0237891674
306,1082696.790378809
307,529140.9579360485
308,284952.0799136162
309,296029.7520623207
310,1042282.5808572769
311,896547.9061908722
312,134057.1612432003
313,134057.1612432003
314,134058.4678351879
315,166343.89911675453
316,511840.50647711754
317,452822.4660372734
318,919196.5845155716
319,526851.23437047
320,351602.4586994648
321,310775.93477392197
322,596331.1087582111
323,188426.73515224457
324,278404.8357913494
325,238949.89363217354
326,348716.2845606804
327,245760.87449383736
328,469319.61740732193
329,560203.0603170395
330,250096.5346508026
331,390218.51285386086
332,536667.7162885666
333,212442.71976184845
334,370961.81368899345
335,527829.9274299145
336,919653.3829898834
337,364791.5743434429
338,213239.3677432537
339,1146154.7385101318
340,593442.83132267
341,265108.40782785416
342,829158.1056666374
343,542396.5759220123
344,429843.75285959244
345,399569.5434949398
346,384521.95089936256
347,451721.78406381607
348,786023.0347406864
349,334790.60893034935
350,553756.8028261662
351,481968.9763972759
352,482436.17171525955
353,535669.9602029324
354,247110.6811618805
355,224746.23667025566
356,609412.3813939095
357,1633774.4048068523
358,960086.615534544
359,1026469.338499546
360,524568.3369731903
361,297725.43289780617
362,257131.8987159729
363,616664.6912083626
364,418524.2667148113
365,744082.4724822044
366,541995.7429926395
367,707093.5241100788
368,316056.36242341995
369,108046.17432761192
370,824646.3877887726
371,256465.1470143795
372,371851.53037691116
373,862504.9656441212
374,132909.96036577225
375,836765.0834362507
376,906359.1829359531
377,562841.1153526306
378,482201.899643898
379,441777.2165453434
380,623983.6424472332
381,509861.78247237206
382,567094.2515554428
383,242607.92206597328
384,426168.0994720459
385,425616.9319732189
386,530962.8669741154
387,737057.1830060482
388,871785.4454729557
389,1822527.4211711884
390,318226.1079509258
391,867426.129743576
392,526000.265995264
393,594651.9929535389
394,340722.93114995956
395,407199.77304530144
396,882401.2712330818
397,460790.4310679436
398,624389.7925326824
399,650366.8549890518
400,952309.5483727455
401,400996.16249775887
402,567728.4390671253
403,266447.05177116394
404,238932.9366056919
405,315717.0457265377
406,711237.7285134792
407,394268.65772366524
408,289550.23755192757
409,523815.1072154045
410,281955.0614242554
411,355446.66575455666
412,352406.0944008827
413,905787.0935647488
414,279727.49568891525
415,532905.8204803467
416,221721.55183792114
417,586221.5245451927
418,343035.14952516556
419,828851.239641428
420,363306.2102947235
421,575558.0307557583
422,638458.013291359
423,740466.474417448
424,222816.81206536293
425,513216.5258998871
426,470674.7911760807
427,227489.26854872704
428,437467.4614479542
429,458972.04143309593
430,455529.1562833786
431,783678.797097683
432,280584.6747047901
433,915463.0456056595
434,419503.78176784515
435,482190.9683520794
436,306142.9808807373
437,938699.8551104069
438,462815.319183588
439,467477.74543118477
440,515095.0934231281
441,497239.75785422325
442,576631.804769516
443,414161.1537191868
444,866868.361117363
445,341610.4667778015
446,298414.12691116333
447,400286.67266106606
448,397350.4539773464
449,383451.49460434914
450,335339.84270215034
451,854822.1362025738
452,612595.9682610035
453,675452.6764788628
454,591766.7265324593
455,257383.4671213627
456,394270.4268143177
457,377754.7460169792
458,634963.1743819714
459,317389.5422260761
460,360006.89692378044
461,173240.5426003933
462,643258.8785169125
463,212888.66052222252
464,398093.2770805359
465,591074.0746212006
466,1520630.9188866615
467,462912.3132710457
468,367776.6519613266
469,468593.9391040802
470,367700.59841275215
471,339170.76019883156
472,242521.250095129
473,602488.307094574
474,601346.9210937023
475,348120.39319849014
476,499648.99536919594
477,2266587.7357029915
478,323499.85857987404
479,497327.48530602455
480,779208.9821004868
481,263152.121673584
482,349553.2543203831
483,443225.8474056721
484,638344.3175489902
485,495430.72323417664
486,918965.839227438
487,272651.52554655075
488,934332.301274538
489,740831.1606991291
490,930760.7497496605
491,440590.9050385952
492,191367.21643209457
493,365408.40566039085
494,258253.43619155884
495,529947.4549577236
496,625899.2969954014
497,793708.2724871635
498,398825.7864522934
499,332552.5852572918
500,249301.00481057167
501,822235.4494931698
502,423766.12773776054
503,462603.28462958336
504,515841.2960629463
505,532652.5307412148
506,483548.5043640137
507,309003.94994688034
508,327388.96842718124
509,321953.8580856323
510,490069.40608143806
511,418714.2979311943
512,513418.57376790047
513,556270.0665106773
514,448349.53306794167
515,452299.7636003494
516,541290.6889283657
517,297998.6849081516
518,430687.3696041107
519,540715.5416815281
520,329707.70066070557
521,165897.442694664
522,524518.8411598206
523,598599.7749078274
524,323193.40917801857
525,953600.5835087299
526,619690.0443220139
527,633665.0741920471
528,471927.239654541
529,211396.55252456665
530,260896.070271492
531,631218.9979658127
532,563913.4170048237
533,597096.4396169186
534,339496.5311741829
535,97418.19380187988
536,248975.6491072178
537,964892.5186994076
538,757504.7582573891
539,509009.36127233505
540,369363.87018704414
541,595605.9223151207
542,590823.9696810246
543,571142.9616618156
544,602262.2856807709
545,463925.4820523262
546,253144.04685211182
547,574210.9324054718
548,1869978.5429205894
549,327471.4271659851
550,186039.81887841225
551,238589.18518829346
552,403636.6520226002
553,322376.22060608864
554,807107.5424528122
555,218377.08549284935
556,746477.4249207973
557,200135.0785458088
558,513014.05174613
559,407198.0290760994
560,661836.9083833694
561,555788.067284584
562,557544.9003369808
563,406131.00957226753
564,936496.0068497658
565,623361.0328974724
566,564366.380012989
567,340988.7892382145
568,555588.635969162
569,971549.7288365364
570,495283.3121778965
571,386402.21657562256
572,306582.89268541336
573,610635.9388825893
574,414875.30372977257
575,408380.456025362
576,634739.9874897003
577,368798.86378002167
578,275751.9745848179
579,385701.075104475
580,333772.40863347054
581,390313.719684124
582,685720.9931054115
583,275398.0850906372
584,341929.3053717613
585,506815.4405372143
586,483314.2586350441
587,248546.87459278107
588,510334.03504133224
589,649567.5122323036
590,369515.0544257164
591,395134.3927652836
592,447656.4396402836
593,453202.8148152828
594,354085.6396224499
595,671717.4626078606
596,194589.43742513657
597,237907.64754915237
598,700217.412362814
599,541655.3372910023
600,421540.90605306625
601,620473.8710439205
602,268868.3727378845
603,381765.12951517105
604,637931.3746106625
605,1132799.3474595547
606,309138.62677907944
607,1198409.537544012
608,353499.97596025467
609,3259360.3871791363
610,535324.4216067791
611,210351.26638698578
612,1767709.4822449684
613,740932.1129565239
614,1143102.558955431
615,594632.6127445698
616,226576.37351298332
617,400846.0395908356
618,366175.5212197304
619,383424.8088595867
620,579365.463861227
621,376735.3294069767
622,364034.1377110481
623,297058.20037698746
624,333892.37526893616
625,304134.78656721115
626,779166.6583020687
627,424457.26137566566
628,369753.8967168331
629,883540.9911513329
630,329588.4076280594
631,501490.72145199776
632,291490.5353958607
633,552800.1601366997
634,500527.8617339134
635,594665.664693594
636,270475.18158483505
637,294213.53426527977
638,478725.9388296604
639,278285.64589357376
640,1134484.3987650871
641,468660.0722024441
642,643758.2229905128
643,207593.16941857338
644,264834.9640247822
645,787602.0718100071
646,430730.8085677624
647,356236.7435593605
648,1223177.6062631607
649,467524.21630835533
650,557579.5931589603
651,1337073.2437517643
652,295875.5445804596
653,352761.11921977997
654,778120.2682423592
655,347067.23770165443
656,243542.71434307098
657,357078.2950723171
658,515359.90084314346
659,684993.9699809551
660,274752.6887304783
661,438408.18627786636
662,1072141.6135292053
663,485153.7143342495
664,391455.24035024643
665,520368.7963490486
666,1177462.755626917
667,662080.7562015057
668,638912.7032043934
669,195047.51220989227
670,702975.4100160599
671,318946.5649449825
672,845531.8115081787
673,583953.9053924084
674,210985.6460392475
675,343830.0558178425
676,354728.0569565296
677,549304.3380932808
678,260736.11263275146
679,393892.6429424286
680,584060.200212717
681,279994.7462103367
682,382310.6783735752
683,392672.66420936584
684,262780.45121216774
685,449962.9843864441
686,349047.67320227623
687,331867.3501689434
688,431378.2777314186
689,542959.4859240055
690,2220884.3447446823
691,394097.76786112785
692,411930.73461174965
693,323187.6349430084
694,376961.25223469734
695,499412.2556860447
696,348675.9842801094
697,425798.61446094513
698,304857.2844045162
699,561418.6282289028
700,416738.6933825016
701,341038.1116697788
702,418703.61138892174
703,439308.2351167202
704,422974.23047971725
705,2202124.52886343
706,244615.13198065758
707,589046.9031350613
708,248939.00317955017
709,584541.3644080162
710,215720.94176101685
711,499537.50438165665
712,861586.6579818726
713,500215.2469201088
714,1084204.194262743
715,1259197.4477944374
716,212226.98826003075
717,679076.1082046032
718,328020.0895764828
719,534167.7889635563
720,446431.2124826908
721,608467.6100533009
722,415525.97675299644
723,328985.8781762123
724,326131.1363706589
725,613798.4244487286
726,362647.5306124687
727,453961.6949529648
728,341059.335149765
729,176843.21751785278
730,293462.1804192066
731,739070.9105787277
732,598145.226616621
733,979058.7625346184
734,697480.302564621
735,626668.8128545284
736,499385.00488877296
737,471338.1120657921
738,321329.727506876
739,576788.4897272587
740,389830.177423954
741,573929.7474229336
742,135363.74634981155
743,681008.3080108166
744,623938.28901124
745,295833.73783683777
746,378562.9290599823
747,404019.36749053
748,291635.147192955
749,233196.30745220184
750,331072.1901321411
751,743359.1743121147
752,288107.4831838608
753,418731.54726958275
754,308989.7166996002
755,554210.9274744987
756,301781.0412876606
757,323004.0715403557
758,652966.8262114525
759,251068.64322185516
760,804646.8321528435
761,434379.82439255714
762,131478.54311966896
763,556191.6262559891
764,434140.26064014435
765,544393.8226010799
766,900660.3487615585
767,1517684.3415203094
768,245080.1855688095
769,146632.1600253582
770,553335.2750706673
771,449093.9879670143
772,534151.9021642208
773,338610.61375427246
774,205899.0532515049
775,384816.2647740841
776,653622.5263803005
777,448775.9662306309
778,422582.621142149
779,1725190.7450652122
780,609391.975466013
781,874300.3823873997
782,657804.0573165417
783,957969.3485488892
784,285284.9879190922
785,1422094.0172452927
786,408669.30894470215
787,331174.3227226734
788,359919.49529242516
789,844410.1419525146
790,535058.1600112915
791,150415.15300059319
792,595332.2135066986
793,985094.7519323826
794,192139.6081674099
795,453740.2217350006
796,634303.316668272
797,776622.0250370502
798,507767.9355623722
799,299667.5246465206
800,282061.20783543587
801,403152.2578201294
802,183052.52366805077
803,511725.2369441986
804,361742.31892442703
805,620687.9893493652
806,225972.9180457592
807,754916.579063654
808,883883.0322227478
809,283366.0101764202
810,650273.8679175377
811,1896709.7316820621
812,277328.9731812477
813,606633.273597002
814,499260.3233821392
815,594279.6583476067
816,184928.39908623695
817,342748.2866766453
818,236896.86524105072
819,651244.282156229
820,197311.92570400238
821,840393.5924601555
822,234948.3092315197
823,355870.87434244156
824,590886.4510116577
825,464208.30641913414
826,361470.448584795
827,560957.6153707504
828,558403.6850464344
829,576036.5556054115
830,935669.7411310673
831,540341.3086483479
832,647161.5551793575
833,247398.3279695511
834,213054.8308608532
835,263489.65982985497
836,300235.2809278965
837,726004.4250042439
838,485772.33249616623
839,343075.9335963726
840,749948.0698401928
841,484591.6612403393
842,473208.5217247009
843,1009919.6909451485
844,380894.67778873444
845,555897.4695124626
846,459207.20473098755
847,500217.64967250824
848,827125.5272390842
849,573545.2133569717
850,452842.9566681385
851,286751.9794023037
852,579065.8477668762
853,447928.6229364872
854,773300.3858380318
855,440959.0420367718
856,2181223.0919835567
857,291611.00742578506
858,445310.4102742672
859,604440.5016794205
860,361216.24822711945
861,388973.5008225441
862,863200.021625042
863,370267.9839577675
864,735794.1018226147
865,333551.57112312317
866,389350.16544032097
867,484613.8832607269
868,691835.7957589626
869,310423.03471159935
870,354738.2763199806
871,635556.1718938351
872,306338.93840670586
873,658866.041459322
874,384070.20202970505
875,281900.7645921707
876,359929.03629255295
877,387757.96824502945
878,255129.9857852459
879,632398.4180314541
880,460335.55044174194
881,372647.0735733509
882,244990.57902026176
883,403474.1672232151
884,449480.102483511
885,640697.0805735588
886,276343.8246564865
887,625431.5025045872
888,409666.1250066757
889,483057.43475079536
890,547607.6634333134
891,258210.50027132034
892,533588.055683136
893,1312586.3671674728
894,411582.01181173325
895,1012104.8892328739
896,356411.11439061165
897,283318.663056612
898,589462.617095232
899,791854.8987829685
900,357546.5412709713
901,241682.36320376396
902,445605.95267415047
903,568750.5392596722
904,382281.50412654877
905,400102.04946637154
906,1076519.4578437805
907,432662.41443681717
908,543686.3922739029
909,2531756.0982584953
910,1301799.5431902409
911,459424.6960506439
912,1186518.1716012955
913,290319.08720588684
914,710361.1994788647
915,356414.80885767937
916,1537129.2080481052
917,445870.9324696064
918,2118445.0984773636
919,959383.4251289368
920,262946.1519999504
921,463278.8523988724
922,374994.919056654
923,391540.1311943531
924,289819.1754961014
925,350103.3570125103
926,597366.6269373894
927,441773.1025249958
928,390192.6666238308
929,283723.01563310623
930,230835.88465452194
931,261987.44061732292
932,570377.8177859783
933,591998.4289073944
934,452041.0349395275
935,413737.8949620724
936,1219440.2638959885
937,461733.64548945427
938,315588.68031454086
939,576488.7504296303
940,212339.06110954285
941,215917.8035788536
942,500501.8828122616
943,447082.9813952446
944,447082.9813952446
945,389570.89273643494
946,381029.73504304886
947,550883.5521543026
948,683317.7326021194
949,468718.97523498535
950,811790.2051026821
951,579857.6369862556
952,383869.1059269905
953,512343.1634094715
954,211749.90114736557
955,419660.3216416836
956,360543.9969933033
957,282619.07594132423
958,780716.393748045
959,399746.20086050034
960,453213.74421453476
961,366163.35772299767
962,509211.6841983795
963,462966.2406041622
964,350111.57951545715
965,437889.86933755875
966,1278632.961277485
967,581660.7856552601
968,203186.05241799355
969,446977.00804662704
970,588782.9528665543
971,594558.3741416931
972,217815.58470129967
973,365226.43690371513
974,391025.6668264866
975,177269.17686533928
976,1648047.4017636776
977,450927.34481191635
978,300127.97488331795
979,435277.66053295135
980,147766.09169363976
981,243899.6351044178
982,853740.1732187271
983,770655.5589740276
984,377680.12848830223
985,588170.4802904129
986,443962.1082947254
987,552285.548345089
988,324998.208871603
989,447345.95337724686
990,603072.6107656956
991,795903.8775830269
992,331849.12418198586
993,389210.8760576248
994,296856.47844696045
995,479818.7621765137
996,577928.7736473083
997,1834228.7800300121
998,625255.5101647377
999,337497.4791254997
1000,459746.60209465027
1001,1027038.6270775795
1002,538070.7746050358
1003,287351.51025009155
1004,589139.4154276848
1005,356524.3476026058
1006,193891.66954565048
1007,500992.5399591923
1008,420315.2268512249
1009,532212.3644735813
1010,674343.8235595226
1011,495145.58678388596
1012,2658957.780508995
1013,290381.71330213547
1014,1335642.33066082
1015,310665.6724290848
1016,433844.43531250954
1017,555696.5626044273
1018,349426.92210030556
1019,595051.6515324116
1020,513545.23265457153
1021,534501.1600186825
1022,452520.39769387245
1023,812777.3572859764
1024,384851.1291127205
1025,335352.0424785614
1026,628173.0712580681
1027,631025.3323419094
1028,498296.0383808613
1029,932890.706618309
1030,437677.5005671978
1031,223578.3142373562
1032,638814.6283428669
1033,183504.46021699905
1034,834353.0137720108
1035,242719.73223686218
1036,298795.0558831692
1037,1076607.332403183
1038,2570098.0999290943
1039,481112.5451192856
1040,534944.5824494362
1041,548790.1796267033
1042,569930.8878297806
1043,534516.6877505779
1044,639967.5779354572
1045,551543.3956186771
1046,294458.654558897
1047,587236.6099851131
1048,379985.6145348549
1049,351462.6625494957
1050,395330.51395893097
1051,428813.80141830444
1052,507475.5828592777
1053,366816.95539426804
1054,306860.1048502922
1055,257177.6384446621
1056,590226.9164505005
1057,365752.5826833248
1058,315860.0920994282
1059,473400.7940170765
1060,820263.1211643219
1061,272506.22527885437
1062,258742.20966529846
1063,352461.50269317627
1064,485100.1137750149
1065,487235.8606894016
1066,281182.5786614418
1067,948059.4840536118
1068,572638.2772984505
1069,358866.9643063545
1070,327966.3915462494
1071,300693.3289282322
1072,976000.5190112591
1073,598178.6332631111
1074,241618.86644172668
1075,505631.3534960747
1076,1442522.208706379
1077,869533.259087801
1078,426306.57069420815
1079,522666.21891736984
1080,309255.95492100716
1081,353021.2176642418
1082,453045.770100832
1083,594435.4675207138
1084,242605.81077837944
1085,1180013.0211269855
1086,295853.9671113491
1087,374944.07164025307
1088,767280.9162650108
1089,131541.5253958702
1090,200758.67695212364
1091,381732.2890319824
1092,1464158.0366458893
1093,397444.20861530304
1094,922784.1869983673
1095,408027.9030807018
1096,367620.899466753
1097,814659.3520102501
1098,515575.59149980545
1099,616081.3310787678
1100,585425.6843554974
1101,243131.79082465172
1102,769139.7177689075
1103,1021044.4515049458
1104,333705.3568768501
1105,793376.1112360954
1106,311011.40532684326
1107,237722.47631454468
1108,250574.83251738548
1109,327149.27772283554
1110,934468.0675022602
1111,450160.08810687065
1112,899253.6010835171
1113,291321.96567583084
1114,551025.237382412
1115,478837.11888313293
1116,299769.05318164825
1117,979439.7669587135
1118,797560.8504416943
1119,2603287.7859096527
1120,523725.3186662197
1121,513447.55876374245
1122,1424002.32943511
1123,448360.49030709267
1124,873529.5612354279
1125,931505.5609948635
1126,418931.53939700127
1127,271035.2170279026
1128,601056.1278107166
1129,324750.7884905338
1130,450148.1394031048
1131,309294.16414642334
1132,219508.96694922447
1133,555010.1646790504
1134,272655.3738398552
1135,301026.6528391838
1136,776678.1735322475
1137,1687209.11953187
1138,572535.8366835117
1139,267904.2340364456
1140,412419.73926091194
1141,580994.1095099449
1142,1444152.0009028912
1143,245261.39805793762
1144,654804.3294656277
1145,646823.6647872925
1146,230883.19951176643
1147,820879.6809365749
1148,563551.7429094315
1149,355665.2518429756
1150,342645.04636645317
1151,336279.5601518154
1152,595268.5075654984
1153,775922.7691998482
1154,423408.5636622906
1155,409291.49381637573
1156,304946.7115960121
1157,592166.9249603748
1158,367550.97599339485
1159,394840.89408254623
1160,332372.5342371464
1161,876763.6901426315
1162,335085.95270752907
1163,221219.69901132584
1164,919741.0427603722
1165,2380583.285413027
1166,184851.1148133278
1167,484115.03262782097
1168,597131.9739353657
1169,383992.9494600296
1170,821015.0680685043
1171,1042682.3349165916
1172,194858.00195932388
1173,350296.41696691513
1174,250659.69189858437
1175,636688.1821539402
1176,290556.815656662
1177,399460.0809826851
1178,238449.1372988224
1179,294636.24939727783
1180,210425.92896437645
1181,662932.8737120628
1182,293699.14481401443
1183,582777.3632590771
1184,523062.8951137066
1185,596828.1776313782
1186,428633.03461003304
1187,3276016.846747637
1188,189229.95741724968
1189,423519.74811029434
1190,355856.6520726681
1191,189849.99483847618
1192,2542315.8889467716
1193,551882.4329431057
1194,327545.38673758507
1195,651623.6032657623
1196,221077.57816290855
1197,401918.66544771194
1198,402411.96819090843
1199,480051.7482583523
1200,632839.0379128456
1201,614660.6806976795
1202,512087.99341249466
1203,483702.9554822445
1204,710091.3853778839
1205,640821.8320720196
1206,347570.7483139038
1207,312202.0380334854
1208,199862.47000789642
1209,582922.3850274086
1210,341279.67151641846
1211,492753.3063027859
1212,477520.77473449707
1213,386414.86076259613
1214,423039.08834433556
1215,630103.8257086277
1216,442631.92601561546
1217,534076.517512083
1218,222755.94932746887
1219,660352.4837908745
1220,382184.8662133217
1221,1713367.5702369213
1222,1177577.491852045
1223,287703.3097934723
1224,317879.77100014687
1225,466672.59669589996
1226,683167.735329628
1227,414883.5682837963
1228,330583.51680135727
1229,1254864.9758210182
1230,709475.7939078808
1231,527403.1960380077
1232,349626.02746891975
1233,541545.1022911072
1234,393848.7683405876
1235,597314.3410196304
1236,551488.9790334702
1237,252477.01714801788
1238,222145.08899974823
1239,957768.229622364
1240,425989.95458102226
1241,278068.8090789318
1242,343930.36636805534
1243,575897.0027220249
1244,522756.6944615841
1245,1408256.168206215
1246,646952.5454726219
1247,250984.4281077385
1248,441423.2711405754
1249,467250.1878042221
1250,440531.2927823067
1251,493226.69458937645
1252,534645.2727036476
1253,876289.2814354897
1254,513334.3832144737
1255,340196.516998291
1256,299722.7667593956
1257,523129.122998476
1258,774676.7408866882
1259,237525.7720668316
1260,565640.199252367
1261,558517.6775434017
1262,628291.4619219303
1263,232939.69625806808
1264,895357.925993681
1265,943429.0528342724
1266,2842399.035179615
1267,519338.6037068367
1268,249630.47444105148
1269,420157.1396923065
1270,455213.3833079338
1271,430461.036021471
1272,587429.3945934772
1273,673992.6404633522
1274,285637.01113057137
1275,285428.1945660114
1276,258592.9032843113
1277,555743.4194779396
1278,893047.9836761951
1279,384475.76344299316
1280,546142.9515378475
1281,222007.16773200035
1282,343828.5467698574
1283,713247.1631560326
1284,439218.58831739426
1285,816606.9542388916
1286,300701.79800629616
1287,327798.1649696827
1288,304215.71652674675
1289,163479.07307839394
1290,490396.2473795414
1291,398118.9451870918
1292,459001.4862174988
1293,713131.0442385674
1294,301898.2100455761
1295,441272.0385248661
1296,292996.4596605301
1297,212416.02113437653
1298,725685.6240110397
1299,618284.0269844532
1300,270140.8526368141
1301,407687.8273732662
1302,472325.8127608299
1303,436649.0790345669
1304,1143948.4322772026
1305,240843.80280089378
1306,597938.8606142998
1307,-110566.50837826729
1308,405576.5256946087
1309,601531.3068118095
1310,217836.57302331924
1311,391446.00980329514
1312,235587.0183007717
1313,837269.137588501
1314,438908.2438504696
1315,285135.023314476
1316,1345683.5067682266
1317,1571499.3468096256
1318,451066.8508799076
1319,572338.0872759819
1320,289253.42961883545
1321,342964.9093954563
1322,429596.16696691513
1323,450705.1755282879
1324,524183.7846927643
1325,456036.879352808
1326,374872.7220129967
1327,521387.5708847046
1328,405477.4964969158
1329,611265.2535169125
1330,382838.71742367744
1331,583777.5896303654
1332,553854.5653619766
1333,530081.9198844433
1334,574115.7698969841
1335,600636.5861296654
1336,1058080.5977077484
1337,263038.14669823647
1338,1428964.6339437962
1339,374661.26749920845
1340,694801.3752775192
1341,1614302.5994985104
1342,688718.2554941177
1343,584395.9848129749
1344,652121.2859869003
1345,200871.7907063961
1346,634781.5532724857
1347,198626.98197960854
1348,517086.9034218788
1349,346630.5602455139
1350,473013.88846707344
1351,454665.07543826103
1352,398533.1841080189
1353,915929.7876439095
1354,361365.2926683426
1355,387827.2336103916
1356,258532.9441370964
1357,327166.26585388184
1358,411217.90255117416
1359,505483.77077174187
1360,466584.1196503639
1361,844634.0259964466
1362,430426.89711380005
1363,400753.7946650982
1364,302346.33983397484
1365,826597.6981425285
1366,553858.3596348763
1367,176657.6372807026
1368,692348.2148737907
1369,590526.7770521641
1370,425272.56905531883
1371,647932.6497378349
1372,429394.2919666767
1373,412663.28011488914
1374,272061.34863066673
1375,377448.16943883896
1376,678376.8234426975
1377,518415.7639608383
1378,417415.9153239727
1379,423752.12538576126
1380,1094744.5669691563
1381,375023.1440024376
1382,366597.46901893616
1383,479871.756670475
1384,290656.302066803
1385,1033715.7834458351
1386,457364.1670284271
1387,307726.6884660721
1388,412298.34285759926
1389,297947.42360782623
1390,602422.389138937
1391,254838.55151581764
1392,417271.7456405163
1393,416906.0876851082
1394,407359.4506075382
1395,522977.3268363476
1396,621747.4932689667
1397,497569.21460080147
1398,595561.6685144901
1399,380888.34947514534
1400,536645.4256896973
1401,309698.2843153477
1402,474321.41750478745
1403,239711.2081799507
1404,851996.1371254921
1405,507994.8546619415
1406,684845.4952778816
1407,323745.5263187885
1408,347192.65533971786
1409,293023.90089178085
1410,745830.8072113991
1411,933018.9801580906
1412,412373.02618455887
1413,452322.7670545578
1414,452267.979429245
1415,375728.93811655045
1416,375544.502856493
1417,296745.3601925373
1418,816608.3150804043
1419,459257.97781968117
1420,277296.3693253994
1421,198226.04961752892
1422,346881.1368525028
1423,300512.5382437706
1424,487340.7410559654
1425,1516547.2868087292
1426,907928.635986805
1427,173342.1536448002
1428,913574.4597485065
1429,396565.85638332367
1430,327195.9796471596
1431,591056.9362499714
1432,505019.75123143196
1433,160549.8559885025
1434,415556.24119734764
1435,273596.21005654335
1436,599725.9121305943
1437,287213.7015299797
1438,183125.31664133072
1439,307927.24566459656
1440,705753.6681818962
1441,1036064.4751856327
1442,411823.2309908867
1443,513574.53245949745
1444,451366.3273780346
1445,333235.58846879005
1446,449784.93335199356
1447,305000.07631897926
1448,295885.55133223534
1449,309604.80224871635
1450,604721.8364145756
1451,469966.9769887924
1452,245794.7224829197
1453,478398.28628230095
1454,702929.8261919022
1455,249257.7589867115
1456,684556.9162936211
1457,241309.47749638557
1458,1169005.835044384
1459,233002.70863842964
1460,555952.2025249004
1461,289788.91214203835
1462,791726.3010995388
1463,462068.0444059372
1464,644005.4381446838
1465,662659.716812849
1466,748200.979155302
1467,720113.1113238335
1468,681983.110904932
1469,649655.8146870136
1470,853816.6103625298
1471,576488.4175562859
1472,326710.86717033386
1473,326369.7763762474
1474,654924.2337806225
1475,457572.80094981194
1476,416866.3463745117
1477,479212.12157583237
1478,2275731.423411131
1479,596737.5459303856
1480,1018463.29038167
1481,337574.02665925026
1482,260361.429864645
1483,316650.7029929161
1484,477195.28626537323
1485,1097590.1867506504
1486,1027036.2123727798
1487,430312.0529296398
1488,255295.26529216766
1489,845084.7958676815
1490,348786.6735844612
1491,538807.1184153557
1492,1295677.3898899555
1493,683583.157592535
1494,344305.9551768303
1495,584753.2538583279
1496,245707.87911772728
1497,737534.9710664749
1498,451463.73438596725
1499,623945.3012852669
1500,475778.8846988678
1501,1774809.367812395
1502,797840.9827487469
1503,2240014.1188952923
1504,802170.1139845848
1505,439717.8928117752
1506,486790.0759267807
1507,300696.0646767616
1508,465687.30929374695
1509,254068.22308802605
1510,518313.31660723686
1511,296730.99691033363
1512,447616.4427409172
1513,474720.62700653076
1514,364312.18474030495
1515,539148.2964174747
1516,1101163.2047197819
1517,358349.4762830734
1518,246089.59736585617
1519,331063.28243136406
1520,556046.38854599
1521,231284.49033808708
1522,363238.2344760895
1523,553252.83212924
1524,895707.655269146
1525,510045.5525021553
1526,201928.95292019844
1527,549218.7675533295
1528,485074.0621557236
1529,384208.3204128742
1530,498031.161488533
1531,454451.36261439323
1532,537365.935829401
1533,575393.5750377178
1534,488621.3036146164
1535,618493.1937766075
1536,650703.5608243942
1537,634137.6732728481
1538,1876879.9964203835
1539,732463.7898933887
1540,492007.2568540573
1541,719881.678006649
1542,841917.1066095829
1543,534688.7087292671
1544,347740.9488978386
1545,380069.6670496464
1546,582595.8165676594
1547,239229.20331811905
1548,526154.8401865959
1549,366043.28166246414
1550,490462.2000453472
1551,303268.7020549774
1552,394563.56152129173
1553,480771.82761597633
1554,713680.474108696
1555,559920.8908994198
1556,468804.3537809849
1557,298276.7586462498
1558,949004.7455079556
1559,659280.6251254082
1560,664514.7009987831
1561,643781.8360555172
1562,352084.7652976513
1563,575456.9701385498
1564,504058.12999129295
1565,394186.15740156174
1566,286672.8386461735
1567,471251.15191698074
1568,324197.1630063057
1569,270833.50729203224
1570,886367.5661382675
1571,882485.291737318
1572,669854.4806599617
1573,360158.3328509331
1574,660455.3621089458
1575,287638.28769207
1576,1146069.493546009
1577,722940.1681280136
1578,956474.159252882
1579,351961.81586909294
1580,489968.37337350845
1581,178863.11811327934
1582,327446.13713121414
1583,345271.42597198486
1584,368697.8910405636
1585,1905097.991806507
1586,944889.7038707733
1587,226440.23552441597
1588,379394.34964609146
1589,563107.5208485126
1590,237580.74396562576
1591,450228.1288871765
1592,1822487.2886517048
1593,319814.22540807724
1594,621860.2691757679
1595,326317.2971725464
1596,503550.46110129356
1597,615585.5323956013
1598,283035.9578626156
1599,452623.1401438713
1600,1184165.1488771439
1601,536330.2115828991
1602,1264059.4484126568
1603,551756.3076417446
1604,485129.5415058136
1605,240289.09816122055
1606,853445.3963091373
1607,341933.7363064289
1608,335852.91396188736
1609,620969.3697588444
1610,377446.46414136887
1611,380098.3920712471
1612,444413.9734289646
1613,356553.00481820107
1614,647614.0528378487
1615,386819.7659494877
1616,581947.9935350418
1617,663579.1652712822
1618,224524.7027540207
1619,274092.40189266205
1620,695925.2230482101
1621,714969.9989430904
1622,1580345.0961802006
1623,205571.56655716896
1624,1849731.7949857712
1625,163147.51406264305
1626,520230.8282561302
1627,231134.64809155464
1628,530889.833753109
1629,577731.9669933319
1630,442693.98152923584
1631,560164.0331301689
1632,393106.33865857124
1633,898184.4116125107
1634,624018.5391395092
1635,531348.4163954258
1636,804365.2653815746
1637,460041.6321167946
1638,424311.3214352131
1639,627746.8688971996
1640,474497.8428604603
1641,507999.9743294716
1642,426509.7348303795
1643,214454.75295257568
1644,294825.58352160454
1645,390356.66676163673
1646,485805.60955548286
1647,275961.86880779266
1648,331939.74017834663
1649,141616.89671635628
1650,359331.7773025036
1651,1000233.6221768856
1652,202990.72903871536
1653,730056.5066962242
1654,371760.18006038666
1655,467956.39972400665
1656,274292.8709971905
1657,342309.95555853844
1658,710983.6990478039
1659,435202.67499637604
1660,293315.6598339081
1661,572056.427036047
1662,316957.9634809494
1663,430467.609269619
1664,305821.97645688057
1665,1339297.1880016327
1666,400960.6378455162
1667,737747.801473856
1668,445136.4646360874
1669,362667.2083251476
1670,404952.37860035896
1671,504495.26881194115
1672,482943.20647215843
1673,383315.2813782692
1674,706470.337022543
1675,295973.8491191864
1676,471265.5142095089
1677,314809.5164926052
1678,994639.8233013153
1679,748369.4375178814
1680,488952.91628313065
1681,861646.7691156864
1682,403197.2912671566
1683,565016.2662055492
1684,803794.4363808632
1685,1816039.1867148876
1686,649971.9460606575
1687,353203.7642683983
1688,578688.7693650723
1689,576869.6035809517
1690,1077963.7310471535
1691,245844.86711502075
1692,387975.0337178707
1693,250816.61737775803
1694,835478.0958073139
1695,416622.0198569298
1696,216785.1034798622
1697,328791.3424375057
1698,289451.32276821136
1699,416930.4009642601
1700,554719.1177403927
1701,1553090.8932423592
1702,1552099.5923132896
1703,461933.2971973419
1704,379504.0201511383
1705,252829.4870288372
1706,346667.57416009903
1707,253381.35094618797
1708,207801.56215763092
1709,400414.9324128628
1710,727608.5980782509
1711,831853.1315777302
1712,284694.3161253929
1713,433464.0726926327
1714,409886.34422039986
1715,244301.58044958115
1716,454260.4219138622
1717,567910.8892791271
1718,504426.7382864952
1719,326660.6151766777
1720,930103.80215168
1721,508959.0721299648
1722,711846.4935102463
1723,427163.70291543007
1724,633392.7560949326
1725,704645.1738493443
1726,494127.9675517082
1727,2065115.340019703
1728,188972.3546309471
1729,266907.72623443604
1730,470984.3477578163
1731,333018.7493507862
1732,672628.89468503
1733,569340.1615321636
1734,673683.7859294415
1735,502820.1444559097
1736,700470.7552363873
1737,826884.5656490326
1738,353945.4871087074
1739,517835.66361761093
1740,461680.34737348557
1741,820509.1497063637
1742,443629.97787594795
1743,544593.1958673
1744,380189.9670212269
1745,501216.82360363007
1746,342583.53879261017
1747,355811.2017650604
1748,293809.19540667534
1749,828771.468747139
1750,388055.05878281593
1751,746003.0881738663
1752,569587.3255956173
1753,761253.1054861546
1754,454068.77681326866
1755,427090.0261173248
1756,1137953.2194333076
1757,403187.96706295013
1758,310471.52789235115
1759,741323.8601207733
1760,612873.6725380421
1761,264488.1970920563
1762,313745.0604119301
1763,791605.4205708504
1764,237116.5984466076
1765,1065257.9796891212
1766,530619.415198803
1767,361059.9750647545
1768,342637.1414318085
1769,307481.1518628597
1770,292479.1682946682
1771,457796.56205534935
1772,363674.4878513813
1773,738211.9323661327
1774,439405.2834701538
1775,234857.34969258308
1776,521682.56902217865
1777,547759.8784503937
1778,1668093.5238113403
1779,292667.82812333107
1780,228191.51556062698
1781,580381.6279261112
1782,432747.44592905045
1783,527664.396916151
1784,455453.5731379986
1785,187969.205224514
1786,175336.3144581318
1787,303007.69026112556
1788,885823.5235028267
1789,422546.37429594994
1790,930545.8805885315
1791,495488.0586619377
1792,498885.49337148666
1793,838757.753237009
1794,293131.0654923916
1795,537719.8911342621
1796,551652.781183958
1797,290569.2050125599
1798,948771.846050024
1799,284857.0595111847
1800,375038.3792552948
1801,673992.5693936348
1802,315782.33898353577
1803,474960.65310788155
1804,323346.9927608967
1805,570427.1593770981
1806,398632.26047086716
1807,523167.2697031498
1808,224420.35894870758
1809,850130.736989975
1810,345322.48412680626
1811,602609.093350172
1812,865946.059314251
1813,624626.9250924587
1814,758130.7826561928
1815,430713.2557940483
1816,489603.5113697052
1817,409740.22174215317
1818,1364059.8847398758
1819,360147.9155817032
1820,632506.1489493847
1821,240764.65455770493
1822,432537.54959225655
1823,446525.586104393
1824,674112.917486906
1825,215285.36971616745
1826,449561.60656023026
1827,789551.6648705006
1828,354248.8174197674
1829,531958.6118381023
1830,358897.1741139889
1831,154021.82230472565
1832,246595.56282234192
1833,994123.3063077927
1834,447514.2765953541
1835,450515.24602484703
1836,284838.78395700455
1837,617908.9136493206
1838,426129.7528626919
1839,374746.078435421
1840,762118.5305361748
1841,246063.41643095016
1842,970090.1352338791
1843,870748.1610198021
1844,278293.2378914356
1845,333109.39888978004
1846,273329.1474788189
1847,353907.36670327187
1848,303474.8265054226
1849,282612.8094036579
1850,463490.72992014885
1851,266114.1428103447
1852,750883.8738412857
1853,538484.4749481678
1854,322731.0645182133
1855,795772.4605338573
1856,349246.13952851295
1857,483729.70700001717
1858,3373904.6534194946
1859,914345.9409368038
1860,424911.7673072815
1861,343458.8404414654
1862,457259.3869638443
1863,721733.4037158489
1864,578781.3372838497
1865,310097.8533627987
1866,431172.6076667309
1867,432439.89434432983
1868,614198.9241783619
1869,197798.50894761086
1870,538676.1985399723
1871,626629.1722478867
1872,512942.0725913048
1873,575800.0003855228
1874,308839.75182175636
1875,356926.1070084572
1876,609056.7341742516
1877,207657.05960941315
1878,391791.95372891426
1879,344350.14158415794
1880,475600.6736524105
1881,414157.2150223255
1882,870155.9203100204
1883,187434.57982206345
1884,164751.6447377205
1885,451061.143917799
1886,738960.7282748222
1887,773228.4311418533
1888,759280.8138933182
1889,557537.9949157238
1890,396721.95142674446
1891,690360.7132775784
1892,226718.78441667557
1893,485534.7864112854
1894,720651.8397984505
1895,341873.8517165184
1896,366181.39072465897
1897,306101.52613925934
1898,948025.8732323647
1899,435506.8604121208
1900,871600.1085939407
1901,375458.5910129547
1902,363385.930986166
1903,237721.11857938766
1904,1022375.4776751995
1905,288654.9115424156
1906,955725.2761814594
1907,440798.3482410908
1908,583474.0738210678
1909,553727.8574347496
1910,390598.49620366096
1911,1029315.1092731953
1912,1150090.2469415665
1913,1001489.9180407524
1914,395245.6336796284
1915,687455.1198692322
1916,723315.6830322742
1917,335813.7684240341
1918,358136.7057220936
1919,451277.7617819309
1920,451682.6217429638
1921,381780.07025671005
1922,549562.3714466095
1923,1048038.6320970058
1924,686281.5723555088
1925,2447806.119458914
1926,430171.2465059757
1927,315424.128898859
1928,569195.6354057789
1929,541196.2328031063
1930,599487.3599846363
1931,193776.6375823021
1932,869185.715075016
1933,363702.3540444374
1934,218208.50877785683
1935,250242.26480603218
1936,1335751.4780013561
1937,171768.49058556557
1938,246132.2003479004
1939,456188.25533628464
1940,247851.85314011574
1941,1462906.2740001678
1942,205800.20494508743
1943,610059.3769795895
1944,327441.7343816757
1945,632063.5959808826
1946,2121031.4684171677
1947,370157.2008867264
1948,263162.29000258446
1949,367798.07526755333
1950,384745.5399386883
1951,713792.4459338188
1952,551004.0058119297
1953,524022.41460466385
1954,659522.0436496735
1955,546288.3649311066
1956,333637.6454536915
1957,207640.31887030602
1958,250029.03232240677
1959,259633.26371359825
1960,249645.2445101738
1961,402583.8364751339
1962,349865.63366150856
1963,679662.6070392132
1964,641229.299087286
1965,1090162.7899312973
1966,629337.8520107269
1967,572223.7489001751
1968,774906.1431522369
1969,146559.14466047287
1970,1129586.6989660263
1971,279172.6921944618
1972,1232849.3844902515
1973,336244.90836429596
1974,402261.6115310192
1975,329514.0591032505
1976,300276.26035904884
1977,600801.2665967941
1978,661766.0856685638
1979,655458.8022224903
1980,1258985.2173879147
1981,472836.48162436485
1982,1692048.3086278439
1983,486097.637455225
1984,589436.1503612995
1985,590008.5694739819
1986,1375718.2838175297
1987,533128.2730419636
1988,435883.5938594341
1989,226431.52038407326
1990,540430.773111105
1991,701993.1142914295
1992,309260.86862897873
1993,401523.3433432579
1994,287648.4107134342
1995,160795.7988934517
1996,801341.940321207
1997,329569.2898466587
1998,233130.81208968163
1999,447760.42759656906
2000,391247.717420578
2001,566646.2217774391
2002,552000.5173742771
2003,348903.35017609596
2004,253310.26967167854
2005,755772.8947358131
2006,683554.2167191505
2007,849663.3287632465
2008,645566.4693264961
2009,198702.43155527115
2010,457582.90108156204
2011,328672.24084329605
2012,393256.83242177963
2013,293053.4708456993
2014,198793.57068920135
2015,465021.19325971603
2016,479753.0479750633
2017,257000.30993199348
2018,494128.7406859398
2019,305397.16269278526
2020,510632.80496168137
2021,357632.70560860634
2022,274585.91822361946
2023,364474.7613928318
2024,232077.38025450706
2025,481601.2623388767
2026,299086.9204387665
2027,336724.4482586384
2028,314298.04135251045
2029,783943.560669899
2030,737238.526358366
2031,532951.1710205078
2032,693281.8937497139
2033,1451910.8403425217
2034,1391643.6728262901
2035,944911.005260706
2036,229427.43147706985
2037,1006541.6771147251
2038,733870.5459682941
2039,285922.15330958366
2040,665001.8735339642
2041,383086.35787415504
2042,229857.47880864143
2043,367661.46438241005
2044,1155937.6061093807
2045,436390.9992341995
2046,437031.918002367
2047,632233.2263257504
2048,623011.4151542187
2049,586953.4370138645
2050,849016.171022892
2051,775852.9361591339
2052,471447.27433013916
2053,412309.53327417374
2054,215526.7637104988
2055,806749.8085217476
2056,172095.7521045208
2057,495568.1243889332
2058,372201.476811409
2059,776775.437984705
2060,195566.02892661095
2061,2097084.7905523777
2062,510530.8235387802
2063,557029.8735926151
2064,423675.60737371445
2065,295735.3155591488
2066,506261.52190613747
2067,1743909.8239943981
2068,357487.62824344635
2069,414376.19770526886
2070,477885.31917476654
2071,363999.5536427498
2072,883952.5504977703
2073,360038.5380706787
2074,231038.63689875603
2075,859519.3505325317
2076,540295.4763307571
2077,306997.90298104286
2078,451662.79144120216
2079,562809.9181237221
2080,272905.5192935467
2081,272083.0226216316
2082,260830.43431782722
2083,439677.5837883949
2084,373137.8180837631
2085,629692.3464627266
2086,480431.1859652996
2087,199214.96496629715
2088,303641.3849608898
2089,596716.8580024242
2090,284544.44946694374
2091,940345.909473896
2092,510689.15993642807
2093,576784.6028604507
2094,157231.25790286064
2095,226922.07265472412
2096,522078.1331670284
2097,794628.7986893654
2098,482182.18581843376
2099,801931.0684382915
2100,672733.0524632931
2101,332886.3381524086
2102,281001.04622101784
2103,390230.4918425083
2104,534982.3029403687
2105,743223.130743742
2106,574306.2536730766
2107,352778.4770526886
2108,690098.93978405
2109,507599.66091632843
2110,229489.8214817047
2111,194366.5070309639
2112,1038648.1798231602
2113,993333.5777130127
2114,460604.055147171
2115,449727.11879205704
2116,317927.33119416237
2117,748591.5310189724
2118,498201.6993894577
2119,274179.8266978264
2120,544813.092197895
2121,259028.80296683311
2122,480529.6873242855
2123,217387.39929699898
2124,589193.2273392677
2125,539247.3255307674
2126,190317.69353199005
2127,328932.64727830887
2128,496701.908523798
2129,783003.1943745613
2130,601643.4017734528
2131,573609.6326503754
2132,372239.78345918655
2133,387259.04915714264
2134,257736.84384179115
2135,750915.4549310207
2136,333450.25204992294
2137,570923.1064808369
2138,150683.72697091103
2139,571326.7148153782
2140,526152.0096244812
2141,650440.653512001
2142,533996.9726178646
2143,1329891.7688176632
2144,657197.5950305462
2145,545413.7417218685
2146,629140.0496628284
2147,329718.1711997986
2148,380006.44945931435
2149,465660.46176695824
2150,420133.4094133377
2151,483059.74363827705
2152,574230.093483448
2153,636253.9103784561
2154,639782.2721538544
2155,442492.4153184891
2156,1696656.559088707
2157,303249.2563483715
2158,289715.25300455093
2159,541605.3833138943
2160,928291.1905069351
2161,295825.7119731903
2162,81800.13919067383
2163,369087.3225283623
2164,1224499.7771098614
2165,613529.050027132
2166,266179.8331723213
2167,348254.0098850727
2168,294766.51279735565
2169,387895.42272019386
2170,292395.10615992546
2171,767782.5884168148
2172,584948.2957253456
2173,613353.4649395943
2174,417113.84886550903
2175,608027.0649492741
2176,1181236.1424443722
2177,608400.0582075119
2178,922627.5795521736
2179,604158.2872269154
2180,288970.06803393364
2181,1110370.4367201328
2182,228261.2287158966
2183,395058.6975924969
2184,589343.9927914143
2185,392684.9459695816
2186,279985.2834188938
2187,304559.44038772583
2188,415559.4849574566
2189,1149139.6863508224
2190,629207.540681839
2191,348885.054571867
2192,221823.06673192978
2193,347562.38963770866
2194,1494075.0388202667
2195,385373.45791864395
2196,319821.37580513954
2197,378971.5471699238
2198,258563.63102984428
2199,507516.31853699684
2200,622553.3368906975
2201,350153.43915486336
2202,1012588.4068171978
2203,337074.6386003494
2204,297208.58303427696
2205,331433.17948699
2206,368162.38934731483
2207,416114.7010910511
2208,385985.02125144005
2209,459272.918661356
2210,416098.5280511379
2211,341107.8422894478
2212,477953.1059510708
2213,365294.3834028244
2214,535394.7458410263
2215,525482.8873474598
2216,493944.38466000557
2217,441463.10295152664
2218,1039532.8008928299
2219,566659.781255722
2220,290001.598140955
2221,442282.9392468929
2222,219350.51057624817
2223,730028.8824646473
2224,375266.6982984543
2225,254528.72175860405
2226,427386.87842941284
2227,458196.7200894356
2228,560277.1764290333
2229,511806.7433719635
2230,468779.6305999756
2231,382324.8153808117
2232,220858.0559566021
2233,299992.37847709656
2234,228661.45557045937
2235,561911.1666235924
2236,1087967.67750597
2237,1073317.4852297306
2238,568287.782128334
2239,1993972.9386696815
2240,547135.0434720516
2241,1711737.1170983315
2242,213483.84428715706
2243,399069.6726591587
2244,764961.3302545547
2245,432003.3381783962
2246,439581.6744477749
2247,670832.0210199356
2248,433964.67926597595
2249,270744.0709569454
2250,746646.354893446
2251,259117.63257360458
2252,835792.1275846958
2253,406509.9694964886
2254,422937.0315055847
2255,314392.85117840767
2256,430015.7813975811
2257,782851.1727457047
2258,331830.82936930656
2259,458114.3755078316
2260,494841.96436595917
2261,215993.56729984283
2262,555535.0340504646
2263,555783.5578303337
2264,1165008.9288697243
2265,433553.3452003002
2266,899341.8864660263
2267,409682.3054485321
2268,1047766.3639445305
2269,381854.0007636547
2270,609525.4713048935
2271,357552.7661347389
2272,1687979.073173046
2273,352296.5126361847
2274,1418501.0794401169
2275,397782.97403621674
2276,433385.2023048401
2277,219452.2185406685
2278,605996.372032404
2279,932607.880489111
2280,466540.4089076519
2281,417292.58142757416
2282,390341.4110057354
2283,530394.1346490383
2284,283554.26793169975
2285,665953.0405893326
2286,809092.2434237003
2287,283982.8581109047
2288,238924.08799147606
2289,459923.44588041306
2290,699866.0051531792
2291,335851.49512815475
2292,345258.0915081501
2293,991841.3336844444
2294,553192.2370359898
2295,363690.1824669838
2296,526325.5291559696
2297,742808.9196417332
2298,358338.1431314945
2299,361347.6760368347
2300,324997.8191936016
2301,614328.5822899342
2302,285898.065089941
2303,268033.52762031555
2304,711076.716830492
2305,310799.90826654434
2306,326421.7155928612
2307,181141.6143887043
2308,438350.6831293106
2309,435685.4207544327
2310,1061725.3636302948
2311,255082.2975113392
2312,647577.9348585606
2313,374993.4637527466
2314,528910.7009494305
2315,330495.3780667782
2316,368314.06367468834
2317,652711.5488100052
2318,455745.5656635761
2319,494315.9571557045
2320,625696.9962813854
2321,444747.6788418293
2322,593167.1513581276
2323,1276542.0173573494
2324,436009.6773571968
2325,399142.00767850876
2326,254456.13061618805
2327,455879.1083536148
2328,399712.57999515533
2329,848444.1444396973
2330,899527.04738307
2331,168773.73318123817
2332,935462.703732729
2333,403872.452596426
2334,662702.0082917213
2335,833549.139238596
2336,1324369.061221838
2337,557133.3669364452
2338,426805.1253852844
2339,305058.68038868904
2340,737619.8304097652
2341,371360.93421268463
2342,528507.8877079487
2343,462573.66375374794
2344,181179.3234422207
2345,927869.9957232475
2346,492472.3688902855
2347,407850.06491589546
2348,763023.8233201504
2349,559894.0593454838
2350,466756.09791588783
2351,478558.8374917507
2352,550402.7926180363
2353,703971.3374285698
2354,451779.86798143387
2355,491237.19020199776
2356,456451.8611469269
2357,918015.2767157555
2358,395553.57141137123
2359,1464276.1801655293
2360,438117.85535645485
2361,376953.2913174629
2362,363623.6625878811
2363,425045.81823706627
2364,367403.2384095192
2365,402123.0239844322
2366,482956.737783432
2367,428777.93170404434
2368,819288.9903876781
2369,433455.7333292961
2370,420527.6621222496
2371,448428.84712839127
2372,402712.30474972725
2373,510502.73895692825
2374,369512.88794755936
2375,434503.2288184166
2376,457025.5772960186
2377,1008716.4395902157
2378,345560.930062294
2379,382810.9812629223
2380,892050.693709135
2381,704615.8544549942
2382,648625.2387869358
2383,487261.84090328217
2384,324243.3712410927
2385,129310.35187196732
2386,380937.76064801216
2387,892538.1015498638
2388,425884.5418756008
2389,518998.98513007164
2390,482785.7073082924
2391,1882718.3064639568
2392,743857.1639990807
2393,454662.57285284996
2394,826679.9730551243
2395,979821.546551466
2396,1019089.9189527035
2397,461152.968123436
2398,319024.40132188797
2399,394836.4337284565
2400,479293.1413869858
2401,280204.59823060036
2402,416454.49444818497
2403,542903.086928606
2404,370369.39763116837
2405,276031.2166187763
2406,388185.28059124947
2407,334833.6056177616
2408,622193.6597030163
2409,645564.3872561455
2410,464061.8087978363
2411,405551.17870235443
2412,344175.76344132423
2413,181368.78254008293
2414,514301.0225505829
2415,389313.0597436428
2416,661077.8653082848
2417,698819.1055047512
2418,1870321.9467790127
2419,944505.4328868389
2420,1035139.8271682262
2421,551323.90330863
2422,258078.96594142914
2423,437586.1404976845
2424,497848.5321843624
2425,498708.2595574856
2426,404890.39934039116
2427,482361.3718035221
2428,583021.8038933277
2429,668016.3827009201
2430,384842.81172919273
2431,647807.3801367283
2432,732719.084518671
2433,359009.93633174896
2434,785346.9006326199
2435,996313.0602238178
2436,730303.9775876999
2437,353585.0537946224
2438,478041.32649707794
2439,780492.8483667374
2440,365570.936937809
2441,606104.0026390553
2442,190425.04171347618
2443,441110.8859524727
2444,208815.72537183762
2445,550058.2229402065
2446,1118690.6834967136
2447,499165.35418725014
2448,303080.4527332783
2449,564385.9831779003
2450,542795.366196394
2451,553717.4186973572
2452,282320.8529353142
2453,1155318.6585509777
2454,631908.3872001171
2455,277652.0464267731
2456,1057202.2906031609
2457,607410.3368346691
2458,633954.9663362503
2459,312884.9593257904
2460,414295.45021009445
2461,896086.749666214
2462,657485.3566842079
2463,797081.6456344128
2464,378029.5997812748
2465,403028.3592708111
2466,501318.127859354
2467,486385.3420073986
2468,1279405.3236949444
2469,1105133.951060772
2470,168890.99456262589
2471,662195.1251683235
2472,425343.92751836777
2473,533126.6589634418
2474,1506061.3294095993
2475,385633.7050921917
2476,765533.9925796986
2477,873471.09384799
2478,374570.81723093987
2479,340691.5493285656
2480,549183.8239588737
2481,837706.4156565666
2482,583687.0597674847
2483,471697.5645017624
2484,375960.97917318344
2485,756206.2297563553
2486,388588.7374677658
2487,2681391.990147352
2488,442242.44315958023
2489,672303.1304066181
2490,562872.1014873981
2491,502611.13014888763
2492,501261.0545890331
2493,548479.7812159061
2494,495815.5271229744
2495,363485.5576364994
2496,289498.11513471603
2497,599442.956454277
2498,365100.2216825485
2499,690714.0417394638
2500,1059681.5814096928
2501,601321.4774162769
2502,459551.8625164032
2503,752512.0366842747
2504,501545.7453677654
2505,461699.2214086056
2506,526613.2377593517
2507,263630.4516441822
2508,423638.75404953957
2509,413710.90509581566
2510,512293.66251564026
2511,435724.82689642906
2512,634227.0836708546
2513,806505.1458992958
2514,433524.19910502434
2515,488226.27814888954
2516,719600.5655863285
2517,506160.2107872963
2518,489749.4013245106
2519,830777.5642635822
2520,633829.074839592
2521,1073090.6685557365
2522,383648.63189935684
2523,366194.6370551586
2524,1609707.2552962303
2525,327978.14270830154
2526,868359.579647541
2527,483574.1387190819
2528,358994.81772613525
2529,1019205.8464972973
2530,407827.4555809498
2531,491892.23026943207
2532,440197.92822265625
2533,1999129.107419014
2534,590162.7220606804
2535,1197839.027632475
2536,273813.56072473526
2537,523924.2865498066
2538,543246.3119795322
2539,513083.29079294205
2540,583082.2831640244
2541,1075899.4128453732
2542,535472.8877763748
2543,784152.7638318539
2544,367886.4236278534
2545,823001.7333729267
2546,288427.20958328247
2547,1165393.4552137852
2548,489432.11805844307
2549,610863.4127054214
2550,332278.476947546
2551,330565.2025382519
2552,412911.30232810974
2553,519509.23464536667
2554,795470.9374313354
2555,489353.5838665962
2556,362769.188380003
2557,583701.2568864822
2558,1741780.4533698559
2559,675400.4376020432
2560,611306.2921392918
2561,501350.31860780716
2562,342540.61637687683
2563,408972.17328596115
2564,433054.1619410515
2565,453464.90911746025
2566,1220245.074792385
2567,497250.5705676079
2568,2131499.0158281326
2569,945940.7860169411
2570,450587.29896759987
2571,357599.73419713974
2572,642274.1075909138
2573,527864.579259634
2574,411118.97625756264
2575,639376.4770824909
2576,493715.63188934326
2577,416006.56518912315
2578,832121.3246181011
2579,608939.8834016323
2580,685300.671649456
2581,609829.5668725967
2582,315992.28925180435
2583,328445.7874419689
2584,380229.9768435955
2585,432011.6503415108
2586,968671.9535460472
2587,472907.78958415985
2588,464653.3904955387
2589,1141658.3017315865
2590,210640.47323083878
2591,845598.2410848141
2592,508913.89109659195
2593,454272.7159233093
2594,351288.82961297035
2595,213245.46670627594
2596,821257.583632946
2597,842300.2444102764
2598,751197.9856908321
2599,500970.7538743019
2600,567972.7863562107
2601,290370.78971886635
2602,447658.25755381584
2603,313022.62430262566
2604,595549.9179530144
2605,1336639.2061886787
2606,796612.669698
2607,533448.206745863
2608,586954.1095395088
2609,547902.733727932
2610,428414.592220068
2611,405349.7542960644
2612,666157.9630558491
2613,453527.91318416595
2614,569072.3430612087
2615,481774.94480395317
2616,514976.5780925751
2617,1011257.3040347099
2618,855640.4224097729
2619,535405.4451198578
2620,426319.26732587814
2621,539908.7146277428
2622,952695.9033892155
2623,504534.41068959236
2624,427703.8715839386
2625,488181.32042336464
2626,781763.2776589394
2627,731887.8848063946
2628,444948.13192510605
2629,452330.39196538925
2630,390316.37143850327
2631,306554.23096966743
2632,453471.30605745316
2633,486730.50483727455
2634,386258.005907774
2635,379378.8990228176
2636,362131.75282359123
2637,366805.0753071308
2638,1890423.0887789726
2639,493164.3555047512
2640,716624.0062949657
2641,366563.28451156616
2642,670537.1180796623
2643,379018.05907964706
2644,373160.4748330116
2645,524209.6192033291
2646,543284.0165359974
2647,492344.7156429291
2648,410225.92139959335
2649,353002.7786319256
2650,515084.3735918999
2651,367733.5616543293
2652,481071.08486032486
2653,370704.0558230877
2654,632607.1811110973
2655,716469.395403862
2656,789789.487571001
2657,443495.30531835556
2658,929510.7049562931
2659,377831.7452633381
2660,986838.4250984192
2661,337908.85174417496
2662,490789.9780681133
2663,270206.2198164463
2664,732265.8905951977
2665,724621.408370018
2666,1574118.4353795052
2667,597572.1849479675
2668,819180.696254015
2669,663588.6773524284
2670,357565.4438178539
2671,1778538.0691177845
2672,413005.47525930405
2673,816371.0908973217
2674,651873.8490207195
2675,354853.5892570019
2676,341987.02053642273
2677,529048.5426118374
2678,753520.7272064686
2679,821465.6570541859
2680,666514.6187999249
2681,1013787.3629271984
2682,418311.7440664768
2683,1240693.1757559776
2684,602703.0900473595
2685,321084.6870274544
2686,469581.0325641632
2687,1179068.5995194912
2688,449730.4158194065
2689,384323.9426076412
2690,770163.4528336525
2691,1058311.0702655315
2692,518955.6852898598
2693,459739.9664530754
2694,1648382.3392560482
2695,333414.25601267815
2696,762530.3987636566
2697,964217.2366571426
2698,818622.69018507
2699,680710.9678964615
2700,580008.5686690807
2701,375289.66023015976
2702,554739.9842927456
2703,429105.21284270287
2704,242160.24188780785
2705,436432.4327521324
2706,454668.29610586166
2707,309005.5466506481
2708,348215.66593170166
2709,687892.2889919281
2710,492902.99576854706
2711,519388.15662002563
2712,431313.2066771984
2713,447795.1812796593
2714,777361.3455607891
2715,1553772.6811935902
2716,468863.2671318054
2717,935532.7822172642
2718,676230.4680409431
2719,504749.187384367
2720,2022589.2496314049
2721,385297.40307188034
2722,391119.46052217484
2723,342938.55112838745
2724,478545.19667220116
2725,402664.5818345547
2726,615234.522026062
2727,400994.2221810818
2728,399261.45620155334
2729,646361.6467356682
2730,864789.0845046043
2731,425067.0466122627
2732,493646.58724474907
2733,250237.22686123848
2734,502761.15939188004
2735,1421586.5358347893
2736,370408.8193204403
2737,460672.4070882797
2738,781471.0799195766
2739,431966.1045575142
2740,388336.4521224499
2741,536401.4708483219
2742,650856.2042803764
2743,576493.7778234482
2744,414045.28515315056
2745,590252.6672301292
2746,490777.96869802475
2747,696146.9306292534
2748,439602.0380256176
2749,806283.745465517
2750,494504.0428481102
2751,645427.8136119843
2752,759102.9380395412
2753,384989.6980662346
2754,324877.1927754879
2755,311094.3322813511
2756,502779.01901602745
2757,731455.9350216389
2758,925726.6107740402
2759,605117.5926406384
2760,462169.7717971802
2761,286871.2578122616
2762,467027.95627593994
2763,548566.6118609905
2764,548566.6118609905
2765,388572.64804172516
2766,508159.93297696114
2767,443164.4924366474
2768,351063.4511449337
2769,523753.7203307152
2770,433527.7229986191
2771,619135.0765790939
2772,642123.3035943508
2773,362640.110681057
2774,555360.1061148643
2775,522814.62478256226
2776,726465.647539854
2777,766413.2202026844
2778,550016.7645857334
2779,1373320.830126524
2780,511211.3341805935
2781,449836.4292600155
2782,1460360.657212019
2783,533062.7359981537
2784,722706.0711004734
2785,420378.1024918556
2786,359798.97610640526
2787,797777.8789169788
2788,531638.1113653183
2789,540118.1603918076
2790,572956.0684201717
2791,654077.0152361393
2792,475051.8246035576
2793,475181.46099352837
2794,969573.1793041229
2795,1140547.4989721775
2796,540370.3059999943
2797,923036.6023824215
2798,469922.71808457375
2799,400582.97054219246
2800,550943.553155899
2801,440731.54783821106
2802,1978208.7352809906
2803,413898.96379828453
2804,669729.1375074387
2805,407475.9452190399
2806,1736017.8894078732
2807,489013.13281440735
2808,863267.417349577
2809,419680.87854743004
2810,387733.33209085464
2811,608707.9647910595
2812,529769.3827083111
2813,489479.7518734932
2814,876782.4824903011
2815,426885.6097152233
2816,495247.355481863
2817,316617.0985531807
2818,1093923.7771568298
2819,437328.36926174164
2820,483797.1012096405
2821,457474.92619490623
2822,471119.72058200836
2823,430667.0752944946
2824,607345.1065869331
2825,579712.0858113766
2826,480585.7340359688
2827,387656.6530482769
2828,324818.0279316902
2829,407143.5258426666
2830,604515.8908469677
2831,655886.85054636
2832,636593.905359745
2833,355295.86865496635
2834,436410.968405962
2835,942471.6647484303
2836,822148.9786806107
2837,585379.5955348015
2838,616137.6474578381
2839,744369.3993024826
2840,368280.44671082497
2841,753603.864221096
2842,585268.0051631927
2843,398303.0736453533
2844,463272.75914382935
2845,192254.4485809803
2846,1385775.1177768707
2847,514525.9653902054
2848,566787.1390244961
2849,326278.7085618973
2850,555791.5392289162
2851,722968.6024541855
2852,511874.906444788
2853,903548.2937057018
2854,1129007.636282444
2855,237465.2910478115
2856,396459.3834476471
2857,416703.46730303764
2858,745681.662831068
2859,488281.5538210869
2860,515524.8100736141
2861,260756.50766968727
2862,1497910.6075279713
2863,416239.2583217621
2864,1701585.3053092957
2865,468259.0049791336
2866,569345.3112711906
2867,562517.8964266777
2868,243095.16711044312
2869,391809.4037735462
2870,230396.111638546
2871,1056551.8794429302
2872,288694.4347138405
2873,397685.63776016235
2874,487606.37280368805
2875,778443.8294203281
2876,1019274.3928864002
2877,531351.5461461544
2878,1769260.6998224258
2879,536625.5641031265
2880,812217.593256712
2881,617557.4260976315
2882,747730.3191843033
2883,488134.7352080345
2884,1064376.6810705662
2885,493325.5034787655
2886,566647.0799343586
2887,259252.2867128849
2888,555283.357925415
2889,511147.9483771324
2890,601306.3043551445
2891,602664.4842746258
2892,502635.13866376877
2893,319105.2153480053
2894,1512948.282348156
2895,333151.46868276596
2896,584195.260335207
2897,421439.98261618614
2898,443673.2220542431
2899,688158.5114891529
2900,310259.55578780174
2901,631885.5105113983
2902,428860.1408624649
2903,610347.9120488167
2904,338853.47356820107
2905,488637.61077189445
2906,1061381.0790493488
2907,1089170.667192459
2908,989520.8547317982
2909,359551.7916753292
2910,804200.3355400562
2911,468528.2064716816
2912,593774.1589012146
2913,909802.5303399563
2914,537265.8759560585
2915,945126.8228189945
2916,647197.7238340378
2917,407636.69420671463
2918,469761.51919031143
2919,612002.9164247513
2920,598464.4356975555
2921,288474.247010231
2922,320134.3313908577
2923,375082.8484084606
2924,472246.11691498756
2925,519710.3693714142
2926,943405.3142249584
2927,501135.00975871086
2928,472870.61828899384
2929,535993.509739399
2930,248767.45970463753
2931,490226.73580408096
2932,532724.1242446899
2933,609423.9000513554
2934,2034043.6468400955
2935,1049772.2879993916
2936,611461.2071709633
2937,440061.5260229111
2938,523118.3038492203
2939,456950.8200688362
2940,560219.1987702847
2941,501373.9087240696
2942,466389.15637397766
2943,2455438.8246672153
2944,699470.5687289238
2945,669307.693811655
2946,559250.0309360027
2947,836818.2722938061
2948,697744.6645629406
2949,945147.8602957726
2950,355646.75372576714
2951,621284.3937928677
2952,378836.05320620537
2953,364535.2258439064
2954,1315091.647188425
2955,623566.2713205814
2956,501528.78652334213
2957,1650189.2266733646
2958,341290.2253241539
2959,396359.7954454422
2960,706848.5017180443
2961,1051451.9148578644
2962,748262.3292527199
2963,442229.0411503315
2964,287771.44323301315
2965,509754.68421292305
2966,396053.6873047352
2967,1103241.0216383934
2968,644171.7772698402
2969,265883.201482296
2970,425551.37364935875
2971,784392.3191244602
2972,577806.4103717804
2973,770844.8024766445
2974,734553.5796375275
2975,590255.5986232758
2976,478439.82784318924
2977,1230404.8009564877
2978,544646.1423027515
2979,345518.91199183464
2980,638792.998500824
2981,405967.7488644123
2982,543135.467597723
2983,290460.8731024265
2984,279818.81620931625
2985,1118901.4404935837
2986,312262.1810705662
2987,385408.2412366867
2988,758843.9319944382
2989,426528.7379643917
2990,969953.4275085926
2991,458205.99194812775
2992,295274.31122231483
2993,427975.47186923027
2994,338671.40517115593
2995,490762.41107678413
2996,390706.6862680912
2997,319531.8602221012
2998,430276.65088772774
2999,415632.23230075836
3000,1041071.3735308647
3001,309662.2563621998
3002,568342.4956140518
3003,309540.448628664
3004,254268.13971853256
3005,2655636.904957056
3006,889522.3271617889
3007,346054.60387563705
3008,272619.3034622669
3009,451980.9314110279
3010,426377.54100346565
3011,461329.16214442253
3012,728319.864200592
3013,556808.7997729778
3014,353010.38221263885
3015,869235.2129182816
3016,692781.0701854229
3017,560755.4808917046
3018,341263.13648223877
3019,874563.9777784348
3020,430527.0494120121
3021,433901.8740541935
3022,516662.89753580093
3023,334353.36331534386
3024,283583.0141079426
3025,432300.63924860954
3026,695391.0026614666
3027,628161.2248289585
3028,560367.9910719395
3029,384233.0145969391
3030,489808.1296520233
3031,219431.24842071533
3032,1040657.0353386402
3033,557440.6196742058
3034,356910.69062662125
3035,2189844.957608223
3036,1983951.0763831139
3037,373480.9275138378
3038,408535.161427021
3039,458032.09113264084
3040,395017.39064335823
3041,430660.74142694473
3042,542654.3842158318
3043,361004.2814424038
3044,420303.1622028351
3045,207040.35995483398
3046,331660.47887182236
3047,480150.97782206535
3048,276828.37001633644
3049,409076.0454876423
3050,1276645.1965529919
3051,785519.2607860565
3052,1512164.8287596703
3053,716915.2255764008
3054,1096636.241770029
3055,1128170.8634781837
3056,388845.9875535965
3057,375276.35907936096
3058,387411.95461440086
3059,786182.7196819782
3060,788491.2658610344
3061,447154.5475239754
3062,347118.2921934128
3063,389417.476108551
3064,431079.31494784355
3065,928924.595865488
3066,383042.57723116875
3067,1038278.0016915798
3068,586174.7263383865
3069,360862.69668889046
3070,413794.757720232
3071,532157.0978140831
3072,454615.09803533554
3073,584716.8629171848
3074,402819.7638735771
3075,355064.8790283203
3076,634482.9795441628
3077,525959.2325334549
3078,697399.6495792866
3079,1338405.0276687145
3080,849753.2091794014
3081,704860.4090361595
3082,230007.22289013863
3083,675709.7342910767
3084,582655.3359467983
3085,655294.5303180218
3086,619329.9963393211
3087,744378.574287653
3088,865609.3055517673
3089,454549.56234669685
3090,519527.010027647
3091,1156839.505247116
3092,447481.956564188
3093,495700.0327308178
3094,395775.17612218857
3095,378680.2749757767
3096,422070.59243631363
3097,837706.9691081047
3098,293833.4786148071
3099,381691.2467856407
3100,249013.2769701481
3101,743330.5565180779
3102,637093.6611709595
3103,181383.79420375824
3104,517863.2071504593
3105,286702.6486518383
3106,628467.6029398441
3107,515345.25426387787
3108,438121.21296525
3109,380971.5445051193
3110,283420.188747406
3111,502325.5497331619
3112,604330.5438737869
3113,299142.5022640228
3114,638042.8190767765
3115,505061.71556425095
3116,304992.10237026215
3117,1066482.623123169
3118,547037.1231782436
3119,498656.867405653
3120,274121.8083636761
3121,660515.3770627975
3122,576440.2509522438
3123,493915.407746315
3124,652015.7039413452
3125,542180.8413684368
3126,252212.60231232643
3127,609061.8354277611
3128,724808.4048936367
3129,571816.1071972847
3130,597703.8857991695
3131,1106014.6177885532
3132,1306902.5439908504
3133,326660.76501250267
3134,490545.0983905792
3135,964809.9307770729
3136,1032005.5415081978
3137,337159.2175910473
3138,955427.0834977627
3139,632650.2818291187
3140,517985.8839273453
3141,383648.63189935684
3142,326708.24711346626
3143,678421.4670679569
3144,1308996.365835905
3145,315116.3003258705
3146,655589.7402191162
3147,499279.71123433113
3148,581155.6719369888
3149,345739.17996001244
3150,371210.5633196831
3151,3285731.5362734795
3152,458336.67685866356
3153,500827.5768301487
3154,569615.3859081268
3155,455212.26946234703
3156,470049.58991003036
3157,278011.2438645363
3158,568386.7869019508
3159,340159.7719602585
3160,676175.6232697964
3161,703487.1246802807
3162,1666417.198180437
3163,700455.146718502
3164,481474.983484745
3165,705933.3107104301
3166,398167.73500180244
3167,674261.5750751495
3168,1179122.1561543941
3169,447545.19027018547
3170,2683296.0002806187
3171,541592.6768836975
3172,325775.81028676033
3173,440448.1621096134
3174,431187.5653567314
3175,567769.032242775
3176,747322.6639509201
3177,755597.2978675365
3178,1090062.4612133503
3179,611972.9160501957
3180,399757.85669493675
3181,1610423.2561802864
3182,404611.11281609535
3183,656014.4601113796
3184,442306.06548166275
3185,491247.16054558754
3186,444070.2798666954
3187,487534.56477856636
3188,585144.9218177795
3189,299724.2752904892
3190,492445.820322752
3191,474683.38921666145
3192,458333.87668704987
3193,545034.27475214
3194,895942.6566607952
3195,506002.3567023277
3196,596658.4549250603
3197,610607.4344449043
3198,1160933.4227614403
3199,1114149.9988062382
3200,402673.0626490116
3201,596032.5048837662
3202,670313.8501617908
3203,870649.4537651539
3204,440631.76506590843
3205,331245.47361040115
3206,809962.9614059925
3207,539696.7559993267
3208,546963.5452027321
3209,892604.374868393
3210,1502183.1312439442
3211,777169.07503438
3212,514748.91473317146
3213,401097.4374718666
3214,200558.08811068535
3215,520889.7462761402
3216,423244.60523962975
3217,285213.49732756615
3218,436691.0635688305
3219,556590.907551527
3220,514058.976446867
3221,676596.2019507885
3222,295561.475407362
3223,526727.9337060452
3224,543554.1274363995
3225,628823.0602645874
3226,497941.9753911495
3227,348642.3560824394
3228,1284286.5832214355
3229,447482.915845871
3230,736130.3056228161
3231,517198.46333670616
3232,609581.407027483
3233,450965.28503751755
3234,492472.3688902855
3235,425712.7559020519
3236,644190.098326683
3237,1875333.1757555008
3238,488775.4914138317
3239,452198.091809988
3240,790075.0378024578
3241,543437.8078944683
3242,472785.2520186901
3243,290794.3218562603
3244,1210031.5585730076
3245,1440969.9343402386
3246,305287.2710905075
3247,245515.144872427
3248,423194.8322274685
3249,306662.3334784508
3250,430624.3597910404
3251,306554.23096966743
3252,811927.9791791439
3253,454686.23797893524
3254,552921.3870353699
3255,454581.61193847656
3256,504626.93567848206
3257,380551.270550251
3258,476929.6394548416
3259,683114.0215501785
3260,373670.6076526642
3261,504734.67453074455
3262,363558.35482025146
3263,421212.7913720608
3264,526165.742982626
3265,408520.3894085884
3266,468495.98929739
3267,345425.6308889389
3268,523375.85134601593
3269,330801.3902180195
3270,998138.8461174965
3271,418744.2032234669
3272,437977.23096990585
3273,1979335.0492744446
3274,565505.8635780811
3275,456911.35414505005
3276,451183.72986888885
3277,574275.7805793285
3278,506299.56180381775
3279,958130.8693034649
3280,566594.7168428898
3281,490263.6223962307
3282,512632.36453294754
3283,395300.02986097336
3284,285391.4642455578
3285,518901.4000506401
3286,466675.56842184067
3287,734230.2473020554
3288,1645194.8900227547
3289,248850.50718402863
3290,309963.6120812893
3291,342254.4065847397
3292,399696.2548959255
3293,838699.8487608433
3294,504196.25720620155
3295,577930.2949824333
3296,570300.4049227238
3297,776140.4944763184
3298,429397.56908655167
3299,467033.50453066826
3300,587998.5247859955
3301,220856.32948040962
3302,1104449.267736435
3303,1045734.6579813957
3304,511718.8028855324
3305,484265.8476037979
3306,776757.1107254028
3307,518381.7175664902
3308,379845.075984478
3309,509963.72547388077
3310,494243.31914138794
3311,566874.9672238827
3312,683188.6246759892
3313,370075.2647418976
3314,334815.849445343
3315,368326.99788188934
3316,387792.7687449455
3317,892006.2727696896
3318,734892.6681625843
3319,726289.4832954407
3320,329483.0684854984
3321,645212.8917708397
3322,305911.88002729416
3323,305911.88002729416
3324,315943.09605526924
3325,385685.30443525314
3326,365547.36476421356
3327,262051.02667355537
3328,521769.09415769577
3329,1076456.661847353
3330,1201020.5783860683
3331,500111.7933733463
3332,637139.4184341431
3333,1631095.4557125568
3334,583267.8909480572
3335,1026688.6821665764
3336,467670.7644159794
3337,474614.3515665531
3338,407096.3903963566
3339,303495.5063250065
3340,264655.25461411476
3341,484823.5979833603
3342,512162.3374004364
3343,453052.5941798687
3344,491262.88523983955
3345,918175.1056625843
3346,403636.2749044895
3347,316639.18386411667
3348,252126.95582532883
3349,558510.8087465763
3350,1021794.3196516037
3351,405762.8335402012
3352,507038.9265155792
3353,660580.7287654877
3354,388119.4799711704
3355,723503.7874081135
3356,474552.16399264336
3357,500315.31041932106
3358,422458.7692859173
3359,389504.3129451275
3360,495565.53888750076
3361,730573.8230643272
3362,534434.6500000954
3363,426332.9480419159
3364,316228.786011219
3365,746776.4278216362
3366,463754.67637705803
3367,489432.6601269245
3368,579297.2560992241
3369,425145.78583979607
3370,332573.8532140255
3371,864782.1583609581
3372,547400.9905359745
3373,352579.44091677666
3374,2080385.4550261497
3375,375495.12047338486
3376,914818.7958610058
3377,489056.5230381489
3378,422589.3983447552
3379,507296.86015868187
3380,507292.00397372246
3381,328616.2714333534
3382,379763.09559607506
3383,488598.2193739414
3384,1190297.5832104683
3385,577144.5041043758
3386,943358.9053955078
3387,289831.1458721161
3388,287771.44323301315
3389,766374.0802545547
3390,308748.5742447376
3391,1115629.5856249332
3392,948761.8313159943
3393,388373.22257208824
3394,634502.7775194645
3395,807783.6810479164
3396,277283.8135511875
3397,485084.45332312584
3398,613265.6999793053
3399,274159.81494140625
3400,367348.2070426941
3401,486012.1650042534
3402,459206.7743473053
3403,463152.6936094761
3404,611881.6035118103
3405,648103.5803613663
3406,556377.4355640411
3407,394158.1711874008
3408,531656.9135611057
3409,335111.87007188797
3410,512129.9649336338
3411,477187.89969444275
3412,287194.02107954025
3413,1260510.4994618893
3414,469834.822763443
3415,400235.56958794594
3416,329342.4853360653
3417,444870.9694466591
3418,392649.08414649963
3419,465218.634295702
3420,380595.3273766041
3421,479431.93476462364
3422,703698.275093317
3423,624599.0754582882
3424,344528.22307252884
3425,547963.9548454285
3426,461524.8247041702
3427,315063.5389828682
3428,457143.54491353035
3429,471635.9259529114
3430,326651.4432413578
3431,520523.0858283043
3432,818959.6345653534
3433,511835.8026957512
3434,459245.8439233303
3435,467927.0230395794
3436,761031.4455800056
3437,415489.21522045135
3438,406746.3196425438
3439,1417183.344644785
3440,619822.9740593433
3441,357172.81974744797
3442,508256.24583649635
3443,693629.780955553
3444,379468.32161712646
3445,276637.6848478317
3446,274487.5956840515
3447,493103.6699311733
3448,1506390.5279250145
3449,615500.644210577
3450,501429.32375860214
3451,350408.7584462166
3452,590279.9777076244
3453,408971.0509841442
3454,352846.9712779522
3455,552937.1716771126
3456,396249.789110899
3457,293171.73177576065
3458,448642.71929621696
3459,299642.8924357891
3460,346536.6451821327
3461,934737.2267591953
3462,233211.50704717636
3463,633548.9895210266
3464,766766.3711459637
3465,864046.2594225407
3466,303709.7360498905
3467,429702.6206319332
3468,452501.3654870987
3469,303667.9447915554
3470,793602.5982687473
3471,696626.7038290501
3472,972874.5046548843
3473,446809.4773776531
3474,361445.4559226036
3475,824883.5441544056
3476,558269.370071888
3477,2509674.7316162586
3478,444010.4931585789
3479,931903.9108636379
3480,642137.7628514767
3481,546596.9317581654
3482,525383.7245569229
3483,417729.88344430923
3484,459950.0045685768
3485,682617.8022296429
3486,793128.1005911827
3487,240556.64304208755
3488,487601.0566086769
3489,350250.8168244362
3490,350026.33808612823
3491,339802.1827149391
3492,680541.5513086319
3493,545903.5548112392
3494,644195.7971041203
3495,520544.6575021744
3496,427042.7007262707
3497,550142.1826267242
3498,466638.3776307106
3499,565009.4602427483
3500,383561.2035558224
3501,802949.3898100853
3502,558267.6716701984
3503,635791.1375226974
3504,735101.0470852852
3505,432850.9537513256
3506,274811.69732666016
3507,334491.3323993683
3508,543426.0180916786
3509,453374.08400559425
3510,448682.11226272583
3511,726933.4217226505
3512,383994.21439504623
3513,642628.9895877838
3514,414846.3108355999
3515,491211.3039293289
3516,361592.92732810974
3517,374743.00234270096
3518,305518.588152647
3519,1377429.7024087906
3520,407404.7069225311
3521,619768.070524931
3522,423971.1717200279
3523,1288578.9471609592
3524,359025.27533626556
3525,685608.6774175167
3526,796152.7222921848
3527,457249.8040108681
3528,980161.0192425251
3529,348044.33186006546
3530,466006.19506025314
3531,649146.8250854015
3532,728028.9553670883
3533,1442848.201928854
3534,1374675.7496807575
3535,431079.31494784355
3536,760430.4228374958
3537,414852.9481241703
3538,804124.6530463696
3539,539601.1841056347
3540,1977995.925294876
3541,489353.5838665962
3542,292096.60500097275
3543,359174.30505275726
3544,495966.4607346058
3545,639966.9989860058
3546,413513.29371619225
3547,753473.4705104828
3548,1423188.9971179962
3549,344244.39684200287
3550,490881.0496401787
3551,1273329.4698603153
3552,516526.3245613575
3553,1045516.3368721008
3554,550935.8472335339
3555,462360.7216246128
3556,489836.1303553581
3557,539565.7487361431
3558,373530.79678177834
3559,390952.50720596313
3560,438134.5670568943
3561,368315.4403603077
3562,891089.1351029873
3563,297044.5591802597
3564,597345.8841059208
3565,427960.77715682983
3566,514476.27997016907
3567,588217.9745368958
3568,391157.3337650299
3569,486261.69768571854
3570,497751.8942477703
3571,677318.4913804531
3572,407811.01823425293
3573,335010.5120329857
3574,1284041.141623497
3575,852602.0276956558
3576,853776.0453829765
3577,306075.71438384056
3578,476162.08799266815
3579,450398.0913915634
3580,486566.6393671036
3581,682494.681201458
3582,820796.4448852539
3583,385761.3662903309
3584,712040.412245512
3585,540344.8757734299
3586,145277.92961740494
3587,569250.740884304
3588,89416.89577674866
3589,436535.71315693855
3590,534160.9359104633
3591,677745.1862192154
3592,718377.6830294132
3593,493713.0652873516
3594,367314.6747713089
3595,468585.5639026165
3596,407101.1971797943
3597,446528.49594044685
3598,458958.58742022514
3599,436814.8747460842
3600,541242.4659421444
3601,529472.9165978432
3602,646273.8585958481
3603,491729.65602207184
3604,787804.693570137
3605,726771.951495409
3606,270077.8185195923
3607,2032824.1590731144
3608,768901.3736274242
3609,322605.1828029156
3610,405176.9865510464
3611,501612.6137266159
3612,869844.7153880596
3613,330957.5428767204
3614,448135.88226795197
3615,543467.5063507557
3616,275677.7624411583
3617,352263.23427176476
3618,364415.8651576042
3619,562359.8624093533
3620,329739.6867008209
3621,546777.0796425343
3622,419755.8971056938
3623,309370.99873304367
3624,543337.9427111149
3625,310187.4619832039
3626,555841.9436023235
3627,536326.2177958488
3628,417328.33285832405
3629,359991.0728876591
3630,1346368.8304431438
3631,1255054.1762461662
3632,517198.46333670616
3633,1514675.8324239254
3634,378462.17549824715
3635,157912.19770169258
3636,591494.8750300407
3637,605875.3328359127
3638,347421.4030969143
3639,665840.4622020721
3640,540513.6134700775
3641,316001.0186522007
3642,286525.28406333923
3643,1185506.1000328064
3644,950423.2823536396
3645,502692.75511980057
3646,333117.2540845871
3647,526742.7680687904
3648,407557.83264160156
3649,893190.7757263184
3650,709625.5517501831
3651,503490.3296325207
3652,468100.2098786831
3653,368477.3501691818
3654,895594.6342988014
3655,629558.8500237465
3656,352594.66567850113
3657,475470.1919660568
3658,509060.0009448528
3659,412714.634206295
3660,648673.7497749329
3661,650964.3991575241
3662,518398.92146897316
3663,421513.9874777794
3664,543133.1484811306
3665,491298.3791451454
3666,621329.2550115585
3667,422758.35653972626
3668,284757.6297018528
3669,379973.3323748112
3670,477879.5490579605
3671,490539.4854557514
3672,138673.16394996643
3673,394023.07748031616
3674,545439.0702855587
3675,361075.3379268646
3676,952810.3255829811
3677,798838.3060393333
3678,365410.8692097664
3679,247670.63997864723
3680,498573.40079045296
3681,466994.5707528591
3682,337552.93870949745
3683,1654797.423157692
3684,824275.4986214638
3685,932624.7403261662
3686,649501.8069140911
3687,326597.9213283062
3688,382492.37101888657
3689,432876.42445492744
3690,547350.3625648022
3691,1093923.0269899368
3692,841624.4496321678
3693,357024.4176673889
3694,364026.1873552799
3695,290088.44882774353
3696,437323.87764310837
3697,347018.74344420433
3698,785467.1325230598
3699,486989.2094428539
3700,497974.08579325676
3701,802815.6301929951
3702,502570.91284894943
3703,563040.241705656
3704,671701.4493088722
3705,497294.8588399887
3706,1729580.2953162193
3707,768126.6915516853
3708,750189.0019013882
3709,286794.9863073826
3710,486028.28173422813
3711,838367.4514601231
3712,463009.83289146423
3713,457519.27565932274
3714,501174.6287252903
3715,424259.47671175003
3716,406896.43614411354
3717,513269.6203405857
3718,623232.2001843452
3719,829610.2168250084
3720,423354.3917250633
3721,627382.264444828
3722,611542.1420092583
3723,793306.807420969
3724,302550.6169836521
3725,354255.42661452293
3726,402470.40210461617
3727,594127.8998961449
3728,363062.5459446907
3729,380958.57164907455
3730,462083.11604714394
3731,459325.98666906357
3732,637343.8085503578
3733,318885.71015262604
3734,838517.5231404305
3735,618968.7508618832
3736,382843.738093853
3737,493211.27387428284
3738,305243.4992015362
3739,341359.0884811878
3740,857437.0562157631
3741,502022.39485788345
3742,475710.26174259186
3743,1149689.6380543709
3744,685509.8728232384
3745,643344.7710840702
3746,678996.0404000282
3747,339171.7473590374
3748,249629.5792441368
3749,487205.61753702164
3750,3386656.351019621
3751,402944.4429388046
3752,299562.7857604027
3753,357321.2267944813
3754,417415.1559431553
3755,448979.71650767326
3756,276194.0455174446
3757,429285.627951622
3758,555692.5441749096
3759,534723.8037312031
3760,2657774.5754606724
3761,518096.31033301353
3762,795591.5487966537
3763,716374.9988684654
3764,524905.8802893162
3765,503280.8839433193
3766,315230.1669640541
3767,907290.5257143974
3768,248418.52142715454
3769,505667.07371520996
3770,649474.4825975895
3771,406549.08029437065
3772,678139.830416441
3773,459028.1082251072
3774,708579.5477976799
3775,246282.22952389717
3776,674473.1323883533
3777,362908.29728746414
3778,379511.2125928402
3779,466298.9543597698
3780,298879.6700158119
3781,712193.4624869823
3782,704231.3436512947
3783,538391.7055792809
3784,546784.4709584713
3785,555988.3852834702
3786,530682.6823413372
3787,475197.40285897255
3788,409047.48091197014
3789,308305.54223775864
3790,411607.0964829922
3791,297227.98319506645
3792,878902.5494058132
3793,450976.32348275185
3794,650152.2939333916
3795,657075.6106724739
3796,477113.81063246727
3797,213746.378770113
3798,542250.6602988243
3799,427368.8447341919
3800,740605.2500255108
3801,549042.5471742153
3802,295811.67718172073
3803,247448.71622109413
3804,520701.9295914173
3805,288205.4190788269
3806,465416.00090527534
3807,987035.3948638439
3808,661457.5853307247
3809,445376.9299106598
3810,634154.9614617825
3811,392896.6022615433
3812,555679.4433803558
3813,707110.1021051407
3814,743308.533008337
3815,1353573.51349473
3816,308745.05087685585
3817,395388.0023303032
3818,466779.66975569725
3819,355257.9457099438
3820,450157.29321217537
3821,473781.2486958504
3822,548201.3537077904
3823,306698.27344179153
3824,1052187.7256138325
3825,479838.84701681137
3826,472513.1315767765
3827,352516.8668448925
3828,863376.3816342354
3829,701132.2308363914
3830,811890.0049078465
3831,567701.954767704
3832,548369.2829391956
3833,598524.0440716743
3834,246761.22943925858
3835,414570.41395020485
3836,585188.2421097755
3837,351333.4874083996
3838,956394.8342454433
3839,368274.9011704922
3840,487367.15719151497
3841,673370.7753491402
3842,351297.54650235176
3843,605546.5717601776
3844,378190.5260641575
3845,379746.5208673477
3846,573438.1342689991
3847,339057.86027789116
3848,468614.1626718044
3849,301720.4930539131
3850,251614.0798113346
3851,1298347.8186767101
3852,641133.4353401661
3853,680176.0816555023
3854,814118.0314459801
3855,647870.7101042271
3856,525681.5566012859
3857,769712.0861771107
3858,2162743.77843976
3859,1118782.2522337437
3860,1370033.864944458
3861,235010.3311984539
3862,490238.1385936737
3863,644557.6696279049
3864,1281312.8007996082
3865,347766.43366217613
3866,351416.4201993942
3867,674566.3922195435
3868,1039062.3574502468
3869,469081.85836195946
3870,505142.9849784374
3871,488763.52790236473
3872,1014105.9719746113
3873,738761.7231018543
3874,337268.3097445965
3875,689933.7427237034
3876,1661718.6020288467
3877,227623.21035408974
3878,586406.4706525803
3879,986132.9838399887
3880,335392.67494773865
3881,695874.3021140099
3882,678681.9565126896
3883,745314.594827652
3884,524017.5859091282
3885,943252.1805636883
3886,683581.5420672894
3887,542854.9628155231
3888,759005.758234024
3889,746274.5033183098
3890,482093.7429740429
3891,671356.981017828
3892,287728.7761294842
3893,403368.6668744087
3894,525409.426623106
3895,324661.1050269604
3896,644893.5556659698
3897,384660.7003543377
3898,571153.0029404163
3899,557389.3412520885
3900,436686.08924531937
3901,517303.4559471607
3902,563053.2966268063
3903,565005.5867795944
3904,365832.86402225494
3905,483075.9443116188
3906,977652.2613141537
3907,385752.9025633335
3908,423407.1819140911
3909,447574.2528600693
3910,583265.9572515488
3911,1940151.0423316956
3912,543904.822817564
3913,478242.40105104446
3914,871994.8602874279
3915,538359.2802245617
3916,455328.2167506218
3917,686827.9905023575
3918,1101676.0089433193
3919,399415.7705757618
3920,479773.8253531456
3921,396295.67576241493
3922,400106.1470191479
3923,679703.2585260868
3924,507425.0298695564
3925,299299.17918109894
3926,426417.886548996
3927,418150.00812220573
3928,443328.8480525017
3929,1035442.802093029
3930,480114.3422276974
3931,224865.68211317062
3932,290172.39707899094
3933,545246.8942918777
3934,501988.1894183159
3935,570186.077116251
3936,313568.05554986
3937,935050.3324589729
3938,405796.10009908676
3939,368375.63464188576
3940,438151.3236875534
3941,431758.1316137314
3942,312785.86802864075
3943,407184.1117017269
3944,719103.1060640812
3945,544127.3450710773
3946,424310.6796672344
3947,870489.0978517532
3948,306661.2730100155
3949,335860.2567360401
3950,645100.5067110062
3951,434605.339063406
3952,468086.3569970131
3953,658360.8210449219
3954,547423.7809519768
3955,432148.6412580013
3956,563856.6198494434
3957,501501.4499042034
3958,768853.3124330044
3959,548969.7810025215
3960,518903.1495025158
3961,584563.1851108074
3962,272927.634871006
3963,571959.0208487511
3964,799203.7134456635
3965,481871.2432024479
3966,277270.67747712135
3967,466730.02237319946
3968,1735508.3578922749
3969,486696.3541069031
3970,719577.2871787548
3971,724366.4912688732
3972,421467.3316042423
3973,353343.670273304
3974,496549.71901988983
3975,568984.2478516102
3976,426308.5586838722
3977,414378.7455508709
3978,498784.4894590378
3979,411855.60142970085
3980,412788.4017121792
3981,292802.9843235016
3982,482798.661493063
3983,614671.7983930111
3984,467283.6278245449
3985,851545.1989920139
3986,353566.1323816776
3987,407661.69536209106
3988,181122.29727482796
3989,346741.2106900215
3990,646483.4437499046
3991,389082.59520959854
3992,650800.8655705452
3993,1025372.4026498795
3994,474959.2651157379
3995,356490.6869046688
3996,403679.20256090164
3997,578043.4444859028
3998,622424.7290229797
3999,426099.73796129227
4000,602745.2181091309
4001,486429.29975247383
4002,339856.94918727875
4003,300056.30812239647
4004,703434.7715730667
4005,324396.12375307083
4006,487291.36732053757
4007,612165.2236807346
4008,458822.6129617691
4009,399658.2642786503
4010,371121.43838071823
4011,619612.5801961422
4012,526865.4192268848
4013,275871.7708866596
4014,744868.5425274372
4015,506298.39357089996
4016,545066.7451255322
4017,352446.08112835884
4018,542498.4294588566
4019,543186.7200226784
4020,2006478.291173458
4021,446348.04173254967
4022,515424.4603214264
4023,664204.8671603203
4024,428213.499263525
4025,355892.9584298134
4026,1746871.8214056492
4027,599175.1643297672
4028,758557.2457134724
4029,323551.42881178856
4030,719658.1001784801
4031,1469677.1680099964
4032,669754.4928910732
4033,957164.8383951187
4034,335498.80370140076
4035,865531.80966115
4036,218389.75961208344
4037,586824.7040941715
4038,927144.7114975452
4039,538310.5204777718
4040,683018.6858448982
4041,407851.64794158936
4042,316026.72874712944
4043,1942633.6299290657
4044,354427.0907661915
4045,369896.5899796486
4046,515476.63337016106
4047,497289.21199059486
4048,419631.4771153927
4049,414026.80677485466
4050,394406.68790245056
4051,752773.465777874
4052,695088.4352962971
4053,419006.05549407005
4054,1662359.7366073132
4055,604511.7277770042
4056,837814.8727669716
4057,408214.012062788
4058,544130.0415942669
4059,437360.5891084671
4060,758807.5597567558
4061,472889.34285736084
4062,498120.08103752136
4063,652747.4217066765
4064,545163.1753926277
4065,815985.5219218731
4066,328309.1668469906
4067,823406.3887732029
4068,598306.4590611458
4069,742279.8724951744
4070,316356.22908353806
4071,641712.6521911621
4072,433497.51224446297
4073,561415.2135305405
4074,511778.4451060295
4075,415989.35374403
4076,361618.73356342316
4077,625448.6168727875
4078,2016489.8362996578
4079,573444.246398449
4080,374597.91970682144
4081,483725.2674944401
4082,1840208.7497384548
4083,188958.98994517326
4084,542967.3959047794
4085,824498.3559484482
4086,350020.6810054779
4087,360991.3036584854
4088,423001.6789638996
4089,477296.9747054577
4090,535456.1435034275
4091,374639.16182231903
4092,513295.36918234825
4093,1762469.6358981133
4094,537076.4137148857
4095,484415.25854992867
4096,431740.9105541706
4097,368221.5314180851
4098,373965.1002931595
4099,433684.55604338646
4100,317054.3196134567
4101,286790.8674337864
4102,346872.2129099369
4103,395671.5226495266
4104,904270.6750352383
4105,665403.2991826534
4106,646855.7849419117
4107,422952.7330124378
4108,426180.03755259514
4109,742318.4102840424
4110,299770.3247346878
4111,500925.1766483784
4112,305611.93346476555
4113,846761.8758993149
4114,374018.66990590096
4115,474812.27478170395
4116,500813.9794268608
4117,334936.5657091141
4118,559079.0516815186
4119,399952.1072125435
4120,797122.8672204018
4121,382120.05047750473
4122,302454.6239466667
4123,811028.1750440598
4124,1148781.1169259548
4125,409169.671451807
4126,494305.0237259865
4127,440408.06298208237
4128,681043.6140995026
4129,638326.911128521
4130,278092.5403008461
4131,516951.66221284866
4132,409882.39538025856
4133,536662.5743060112
4134,1172234.952237606
4135,844262.2753345966
4136,1051446.817313671
4137,430920.0021240711
4138,489784.53075671196
4139,362341.5404448509
4140,495858.4872543812
4141,735318.9365031719
4142,676873.5710737705
4143,489478.7340898514
4144,495938.923964262
4145,509892.8218984604
4146,380349.8269803524
4147,409945.8735308647
4148,524239.90876841545
4149,499795.602905035
4150,493109.81426000595
4151,1048714.525365591
4152,621356.3119454384
4153,314691.9153981209
4154,471156.81828069687
4155,379394.3852596283
4156,417790.81047225
4157,425762.3859233856
4158,393839.167109251
4159,696208.4500825405
4160,773221.6866667271
4161,258956.11810445786
4162,390143.85946917534
4163,385179.7754275799
4164,488657.5735564232
4165,383000.57438898087
4166,408843.1616406441
4167,591114.2468006611
4168,614321.2880322933
4169,442017.4833524227
4170,1338668.53272748
4171,649932.065505743
4172,392451.0658354759
4173,338127.316852808
4174,381540.2215549946
4175,969670.3281548023
4176,551778.8781161308
4177,2376479.2676022053
4178,620076.1073803902
4179,1148317.246377468
4180,288033.4425172806
4181,571122.0486416817
4182,375098.1740858555
4183,1703497.3021578789
4184,474654.4792649746
4185,346042.89881420135
4186,622347.610656023
4187,989719.1765983105
4188,643217.3330032825
4189,239803.04767036438
4190,420304.11563944817
4191,443944.8216161728
4192,489028.8375928402
4193,509880.1497678757
4194,1040899.8946301937
4195,1690345.0900096893
4196,1551469.8105971813
4197,725250.8875024319
4198,749794.9840829372
4199,440023.08629107475
4200,526236.2543349266
4201,487974.8059515953
4202,470645.2931520939
4203,571095.4083483219
4204,1290759.5755007267
4205,693212.647837162
4206,719351.4501416683
4207,420585.6702685356
4208,542141.8548722267
4209,869820.2494568825
4210,452595.0253138542
4211,1098312.1145136356
4212,558717.6555700302
4213,686255.6495606899
4214,879980.9146244526
4215,1367202.2323532104
4216,1861069.35196805
4217,467723.9176018238
4218,433445.69182753563
4219,557409.348639965
4220,505187.0911664963
4221,410428.86445236206
4222,331142.10581731796
4223,536661.053800106
4224,1903991.8580591679
4225,831056.9730491638
4226,479974.7464323044
4227,440082.8684332371
4228,433446.0419137478
4229,323790.764277935
4230,1443645.6075074673
4231,1479542.954087019
4232,411285.6377224922
4233,552907.59729743
4234,910838.2558310032
4235,1266865.6627242565
4236,271725.2747385502
4237,589108.9874920845
4238,547977.0313735008
4239,825789.2042069435
4240,2392902.1327724457
4241,354862.5576033592
4242,1242121.9192302227
4243,858474.84587574
4244,653615.5570888519
4245,302890.6219506264
4246,332936.9672679901
4247,414638.8170809746
4248,434522.5492582321
4249,560818.7922852039
4250,1489988.0976388454
4251,296513.1365778446
4252,581069.9129631519
4253,456517.31702542305
4254,558223.181646347
4255,404890.59439468384
4256,567943.7969324589
4257,404254.7812612057
4258,719368.8247933388
4259,448882.74136042595
4260,306967.86184597015
4261,1148112.4604289532
4262,416482.2179644108
4263,382215.6812915802
4264,409784.5627093315
4265,477757.02460455894
4266,487901.0470290184
4267,632886.9796905518
4268,644450.3545088768
4269,327144.1103270054
4270,506128.3370332718
4271,939537.7578628063
4272,527199.3932049274
4273,422696.288762331
4274,579690.5242602825
4275,231792.46101927757
4276,628542.8201961517
4277,467058.97681999207
4278,1609441.6158692837
4279,437327.8078093529
4280,303601.58863568306
4281,585579.6888716221
4282,369243.78734207153
4283,847208.2479643822
4284,478238.19648098946
4285,413293.02074861526
4286,2890426.7095034122
4287,573507.3202228546
4288,275702.0089263916
4289,732409.8660941124
4290,584401.5280883312
4291,585230.0258319378
4292,537074.9939823151
4293,413903.98437571526
4294,421332.40958952904
4295,259976.18251633644
4296,497049.99785780907
4297,478932.9845867157
4298,454434.5376768112
4299,417694.2573270798
4300,1277418.7670190334
4301,495700.7709496021
4302,482171.6546957493
4303,811840.4082298279
4304,306259.58766269684
4305,494531.8348045349
4306,656350.0361106396
4307,1349879.2133917809
4308,463398.33584213257
4309,1114358.6218500137
4310,2252575.874130249
4311,476179.4432463646
4312,364647.4108495712
4313,518913.13132739067
4314,426483.8275821209
4315,516539.50777864456
4316,825280.548071146
4317,503556.2843492031
4318,546779.4552433491
4319,503996.5996901989
4320,304238.30013537407
4321,486854.0048716068
4322,300033.43833470345
